transaction_id,sender_actor_id,receiver_actor_id,sender_person_id,receiver_person_id,transaction_type,amount_inr,phase,account_ref,risk_flag,source
TXN-00001,1,39,P001,P039,UPI,119686.57,Phase-3,ACCT-59565,WATCH,synthetic_financial_records
TXN-00002,59,72,P059,P072,CASH_DEPOSIT,96684.74,Phase-3,ACCT-63772,NORMAL,synthetic_financial_records
TXN-00003,108,30,P108,P030,CARD_PAYMENT,169384.7,Phase-1,ACCT-92998,HIGH,synthetic_financial_records
TXN-00004,9,90,P009,P090,CASH_WITHDRAWAL,236526.83,Phase-2,ACCT-63219,NORMAL,synthetic_financial_records
TXN-00005,103,107,P103,P107,CARD_PAYMENT,33590.12,Phase-1,ACCT-78865,NORMAL,synthetic_financial_records
TXN-00006,74,108,P074,P108,CASH_DEPOSIT,35706.55,Phase-1,ACCT-66462,HIGH,synthetic_financial_records
TXN-00007,44,69,P044,P069,CARD_PAYMENT,176034.67,Phase-1,ACCT-88472,WATCH,synthetic_financial_records
TXN-00008,41,28,P041,P028,CASH_WITHDRAWAL,46309.22,Phase-1,ACCT-93807,NORMAL,synthetic_financial_records
TXN-00009,59,26,P059,P026,CASH_DEPOSIT,230041.69,Phase-2,ACCT-15993,NORMAL,synthetic_financial_records
TXN-00010,89,59,P089,P059,UPI,9764.58,Phase-2,ACCT-32777,WATCH,synthetic_financial_records
TXN-00011,43,86,P043,P086,TRANSFER,39866.31,Phase-2,ACCT-26945,NORMAL,synthetic_financial_records
TXN-00012,6,85,P006,P085,CARD_PAYMENT,202443.74,Phase-3,ACCT-92009,HIGH,synthetic_financial_records
TXN-00013,10,18,P010,P018,TRANSFER,69846.31,Phase-3,ACCT-44477,HIGH,synthetic_financial_records
TXN-00014,89,49,P089,P049,CARD_PAYMENT,181365.55,Phase-3,ACCT-79416,HIGH,synthetic_financial_records
TXN-00015,7,3,P007,P003,CASH_DEPOSIT,178440.97,Phase-3,ACCT-74570,NORMAL,synthetic_financial_records
TXN-00016,108,42,P108,P042,TRANSFER,49813.07,Phase-2,ACCT-63672,NORMAL,synthetic_financial_records
TXN-00017,83,77,P083,P077,CASH_DEPOSIT,240091.65,Phase-2,ACCT-80984,HIGH,synthetic_financial_records
TXN-00018,93,1,P093,P001,UPI,62041.5,Phase-2,ACCT-67453,WATCH,synthetic_financial_records
TXN-00019,106,58,P106,P058,CASH_WITHDRAWAL,72205.37,Phase-3,ACCT-43275,HIGH,synthetic_financial_records
TXN-00020,103,104,P103,P104,CASH_WITHDRAWAL,95450.75,Phase-1,ACCT-89922,NORMAL,synthetic_financial_records
TXN-00021,13,49,P013,P049,CASH_WITHDRAWAL,137266.0,Phase-2,ACCT-31904,NORMAL,synthetic_financial_records
TXN-00022,67,28,P067,P028,CASH_WITHDRAWAL,93323.35,Phase-3,ACCT-27892,HIGH,synthetic_financial_records
TXN-00023,6,83,P006,P083,CASH_WITHDRAWAL,202404.23,Phase-2,ACCT-59434,HIGH,synthetic_financial_records
TXN-00024,86,44,P086,P044,CARD_PAYMENT,170685.82,Phase-3,ACCT-74312,NORMAL,synthetic_financial_records
TXN-00025,31,12,P031,P012,UPI,193833.57,Phase-2,ACCT-68561,NORMAL,synthetic_financial_records
TXN-00026,85,64,P085,P064,UPI,43643.6,Phase-2,ACCT-46702,NORMAL,synthetic_financial_records
TXN-00027,4,91,P004,P091,CASH_WITHDRAWAL,247687.62,Phase-1,ACCT-87092,HIGH,synthetic_financial_records
TXN-00028,103,104,P103,P104,CARD_PAYMENT,126360.47,Phase-3,ACCT-34360,HIGH,synthetic_financial_records
TXN-00029,49,30,P049,P030,CARD_PAYMENT,233310.05,Phase-2,ACCT-38395,WATCH,synthetic_financial_records
TXN-00030,15,72,P015,P072,TRANSFER,121205.33,Phase-3,ACCT-12768,WATCH,synthetic_financial_records
TXN-00031,99,58,P099,P058,CARD_PAYMENT,33855.61,Phase-2,ACCT-79725,WATCH,synthetic_financial_records
TXN-00032,42,27,P042,P027,TRANSFER,168427.3,Phase-2,ACCT-43319,WATCH,synthetic_financial_records
TXN-00033,99,7,P099,P007,CARD_PAYMENT,96136.88,Phase-1,ACCT-96608,NORMAL,synthetic_financial_records
TXN-00034,74,35,P074,P035,CARD_PAYMENT,18702.38,Phase-1,ACCT-81835,NORMAL,synthetic_financial_records
TXN-00035,83,27,P083,P027,CASH_DEPOSIT,8599.33,Phase-1,ACCT-98673,NORMAL,synthetic_financial_records
TXN-00036,16,95,P016,P095,UPI,89150.92,Phase-2,ACCT-68324,NORMAL,synthetic_financial_records
TXN-00037,106,103,P106,P103,CARD_PAYMENT,57676.73,Phase-3,ACCT-33224,NORMAL,synthetic_financial_records
TXN-00038,80,85,P080,P085,CASH_DEPOSIT,237693.39,Phase-1,ACCT-46159,NORMAL,synthetic_financial_records
TXN-00039,31,73,P031,P073,CARD_PAYMENT,49684.48,Phase-3,ACCT-51545,HIGH,synthetic_financial_records
TXN-00040,30,75,P030,P075,CASH_WITHDRAWAL,170703.76,Phase-2,ACCT-29243,WATCH,synthetic_financial_records
TXN-00041,83,104,P083,P104,TRANSFER,226877.19,Phase-2,ACCT-63414,NORMAL,synthetic_financial_records
TXN-00042,93,5,P093,P005,CARD_PAYMENT,111684.15,Phase-1,ACCT-11667,WATCH,synthetic_financial_records
TXN-00043,92,81,P092,P081,CASH_DEPOSIT,119291.12,Phase-3,ACCT-80293,WATCH,synthetic_financial_records
TXN-00044,67,53,P067,P053,CASH_WITHDRAWAL,211751.06,Phase-1,ACCT-15737,NORMAL,synthetic_financial_records
TXN-00045,66,8,P066,P008,CASH_WITHDRAWAL,61196.1,Phase-2,ACCT-28339,NORMAL,synthetic_financial_records
TXN-00046,71,86,P071,P086,CARD_PAYMENT,215726.03,Phase-1,ACCT-92598,HIGH,synthetic_financial_records
TXN-00047,49,11,P049,P011,CASH_DEPOSIT,54354.06,Phase-3,ACCT-55896,HIGH,synthetic_financial_records
TXN-00048,6,72,P006,P072,CASH_WITHDRAWAL,206435.58,Phase-2,ACCT-40892,NORMAL,synthetic_financial_records
TXN-00049,62,74,P062,P074,TRANSFER,43731.42,Phase-1,ACCT-10022,NORMAL,synthetic_financial_records
TXN-00050,43,88,P043,P088,CASH_WITHDRAWAL,23091.43,Phase-2,ACCT-20585,NORMAL,synthetic_financial_records
TXN-00051,4,63,P004,P063,CASH_DEPOSIT,44871.85,Phase-3,ACCT-58132,NORMAL,synthetic_financial_records
TXN-00052,75,17,P075,P017,UPI,151567.46,Phase-3,ACCT-79556,HIGH,synthetic_financial_records
TXN-00053,3,5,P003,P005,UPI,230504.21,Phase-3,ACCT-59837,HIGH,synthetic_financial_records
TXN-00054,71,84,P071,P084,CARD_PAYMENT,77845.47,Phase-2,ACCT-52305,HIGH,synthetic_financial_records
TXN-00055,29,5,P029,P005,CARD_PAYMENT,173656.46,Phase-1,ACCT-17159,NORMAL,synthetic_financial_records
TXN-00056,19,68,P019,P068,TRANSFER,694.21,Phase-1,ACCT-94325,NORMAL,synthetic_financial_records
TXN-00057,99,33,P099,P033,UPI,45414.9,Phase-3,ACCT-63928,NORMAL,synthetic_financial_records
TXN-00058,37,45,P037,P045,CASH_DEPOSIT,129508.33,Phase-2,ACCT-29073,NORMAL,synthetic_financial_records
TXN-00059,41,36,P041,P036,UPI,117712.95,Phase-1,ACCT-76910,NORMAL,synthetic_financial_records
TXN-00060,65,5,P065,P005,CASH_DEPOSIT,126711.43,Phase-1,ACCT-17422,NORMAL,synthetic_financial_records
TXN-00061,103,35,P103,P035,CASH_WITHDRAWAL,202721.63,Phase-2,ACCT-40602,HIGH,synthetic_financial_records
TXN-00062,93,101,P093,P101,TRANSFER,233324.8,Phase-1,ACCT-40126,HIGH,synthetic_financial_records
TXN-00063,71,109,P071,P109,CARD_PAYMENT,217978.02,Phase-3,ACCT-11771,HIGH,synthetic_financial_records
TXN-00064,96,69,P096,P069,CASH_WITHDRAWAL,184196.03,Phase-2,ACCT-46582,WATCH,synthetic_financial_records
TXN-00065,33,53,P033,P053,TRANSFER,144429.11,Phase-2,ACCT-55219,HIGH,synthetic_financial_records
TXN-00066,107,53,P107,P053,CARD_PAYMENT,137747.15,Phase-3,ACCT-29821,NORMAL,synthetic_financial_records
TXN-00067,46,15,P046,P015,CASH_WITHDRAWAL,227117.12,Phase-2,ACCT-15465,NORMAL,synthetic_financial_records
TXN-00068,106,10,P106,P010,TRANSFER,128370.19,Phase-3,ACCT-30938,NORMAL,synthetic_financial_records
TXN-00069,45,103,P045,P103,CASH_WITHDRAWAL,33330.32,Phase-3,ACCT-70523,WATCH,synthetic_financial_records
TXN-00070,84,47,P084,P047,TRANSFER,232947.88,Phase-2,ACCT-74158,NORMAL,synthetic_financial_records
TXN-00071,102,53,P102,P053,CASH_WITHDRAWAL,25870.38,Phase-2,ACCT-36461,NORMAL,synthetic_financial_records
TXN-00072,103,31,P103,P031,CASH_WITHDRAWAL,103270.4,Phase-3,ACCT-69755,WATCH,synthetic_financial_records
TXN-00073,4,73,P004,P073,CASH_WITHDRAWAL,185821.1,Phase-3,ACCT-63636,NORMAL,synthetic_financial_records
TXN-00074,92,28,P092,P028,UPI,201740.23,Phase-2,ACCT-63798,NORMAL,synthetic_financial_records
TXN-00075,94,64,P094,P064,TRANSFER,96488.32,Phase-1,ACCT-87394,WATCH,synthetic_financial_records
TXN-00076,5,42,P005,P042,CASH_WITHDRAWAL,24476.45,Phase-2,ACCT-72335,HIGH,synthetic_financial_records
TXN-00077,3,100,P003,P100,UPI,207625.62,Phase-2,ACCT-38758,WATCH,synthetic_financial_records
TXN-00078,22,106,P022,P106,CASH_WITHDRAWAL,103881.85,Phase-3,ACCT-48494,NORMAL,synthetic_financial_records
TXN-00079,51,66,P051,P066,CASH_WITHDRAWAL,62423.59,Phase-2,ACCT-36384,WATCH,synthetic_financial_records
TXN-00080,85,88,P085,P088,TRANSFER,230866.86,Phase-1,ACCT-98690,NORMAL,synthetic_financial_records
TXN-00081,42,48,P042,P048,UPI,6621.71,Phase-1,ACCT-23164,NORMAL,synthetic_financial_records
TXN-00082,2,1,P002,P001,CASH_WITHDRAWAL,1699.02,Phase-3,ACCT-83859,WATCH,synthetic_financial_records
TXN-00083,45,61,P045,P061,CASH_DEPOSIT,176818.89,Phase-1,ACCT-60847,HIGH,synthetic_financial_records
TXN-00084,28,82,P028,P082,CASH_DEPOSIT,182128.04,Phase-1,ACCT-84344,HIGH,synthetic_financial_records
TXN-00085,32,96,P032,P096,TRANSFER,76017.78,Phase-3,ACCT-55698,NORMAL,synthetic_financial_records
TXN-00086,26,8,P026,P008,UPI,38536.82,Phase-2,ACCT-23609,WATCH,synthetic_financial_records
TXN-00087,87,64,P087,P064,CASH_DEPOSIT,211187.64,Phase-3,ACCT-42981,NORMAL,synthetic_financial_records
TXN-00088,24,102,P024,P102,CARD_PAYMENT,201747.75,Phase-2,ACCT-74507,NORMAL,synthetic_financial_records
TXN-00089,25,70,P025,P070,CASH_DEPOSIT,243373.78,Phase-2,ACCT-23069,WATCH,synthetic_financial_records
TXN-00090,69,7,P069,P007,TRANSFER,105493.98,Phase-1,ACCT-99257,NORMAL,synthetic_financial_records
TXN-00091,97,62,P097,P062,CASH_WITHDRAWAL,36415.54,Phase-1,ACCT-46806,NORMAL,synthetic_financial_records
TXN-00092,19,82,P019,P082,UPI,108545.79,Phase-3,ACCT-61521,HIGH,synthetic_financial_records
TXN-00093,10,95,P010,P095,CASH_DEPOSIT,191080.1,Phase-2,ACCT-87859,WATCH,synthetic_financial_records
TXN-00094,75,15,P075,P015,TRANSFER,15865.45,Phase-1,ACCT-85686,NORMAL,synthetic_financial_records
TXN-00095,66,90,P066,P090,CASH_WITHDRAWAL,9689.57,Phase-2,ACCT-67671,WATCH,synthetic_financial_records
TXN-00096,44,90,P044,P090,UPI,249411.81,Phase-3,ACCT-49956,HIGH,synthetic_financial_records
TXN-00097,65,72,P065,P072,CASH_WITHDRAWAL,6934.94,Phase-3,ACCT-73115,HIGH,synthetic_financial_records
TXN-00098,9,32,P009,P032,CARD_PAYMENT,201669.84,Phase-1,ACCT-26885,NORMAL,synthetic_financial_records
TXN-00099,102,3,P102,P003,CASH_WITHDRAWAL,123535.26,Phase-1,ACCT-41305,WATCH,synthetic_financial_records
TXN-00100,6,95,P006,P095,CASH_WITHDRAWAL,20713.24,Phase-2,ACCT-95575,NORMAL,synthetic_financial_records
TXN-00101,4,32,P004,P032,CASH_DEPOSIT,217384.15,Phase-2,ACCT-76748,WATCH,synthetic_financial_records
TXN-00102,108,5,P108,P005,CARD_PAYMENT,242303.17,Phase-1,ACCT-18937,NORMAL,synthetic_financial_records
TXN-00103,70,7,P070,P007,UPI,50181.23,Phase-2,ACCT-85963,HIGH,synthetic_financial_records
TXN-00104,59,38,P059,P038,CASH_DEPOSIT,167110.98,Phase-3,ACCT-61174,HIGH,synthetic_financial_records
TXN-00105,74,15,P074,P015,CARD_PAYMENT,137264.89,Phase-3,ACCT-72252,NORMAL,synthetic_financial_records
TXN-00106,93,19,P093,P019,UPI,180530.72,Phase-2,ACCT-60910,HIGH,synthetic_financial_records
TXN-00107,65,88,P065,P088,TRANSFER,142830.35,Phase-1,ACCT-50424,NORMAL,synthetic_financial_records
TXN-00108,97,52,P097,P052,CARD_PAYMENT,246176.84,Phase-3,ACCT-41036,NORMAL,synthetic_financial_records
TXN-00109,67,79,P067,P079,CASH_WITHDRAWAL,150736.57,Phase-2,ACCT-79793,NORMAL,synthetic_financial_records
TXN-00110,97,28,P097,P028,CARD_PAYMENT,30388.18,Phase-1,ACCT-69336,WATCH,synthetic_financial_records
TXN-00111,47,81,P047,P081,CARD_PAYMENT,96393.47,Phase-2,ACCT-15353,WATCH,synthetic_financial_records
TXN-00112,55,87,P055,P087,UPI,129038.34,Phase-2,ACCT-53599,NORMAL,synthetic_financial_records
TXN-00113,90,76,P090,P076,CARD_PAYMENT,24948.1,Phase-2,ACCT-97740,NORMAL,synthetic_financial_records
TXN-00114,100,53,P100,P053,UPI,140042.56,Phase-3,ACCT-31415,NORMAL,synthetic_financial_records
TXN-00115,52,93,P052,P093,UPI,52465.11,Phase-2,ACCT-68293,WATCH,synthetic_financial_records
TXN-00116,108,9,P108,P009,CASH_WITHDRAWAL,234266.29,Phase-1,ACCT-59377,NORMAL,synthetic_financial_records
TXN-00117,19,59,P019,P059,CASH_WITHDRAWAL,109613.13,Phase-3,ACCT-92094,HIGH,synthetic_financial_records
TXN-00118,38,108,P038,P108,TRANSFER,242782.79,Phase-1,ACCT-64582,HIGH,synthetic_financial_records
TXN-00119,10,27,P010,P027,CASH_WITHDRAWAL,164198.93,Phase-2,ACCT-66351,NORMAL,synthetic_financial_records
TXN-00120,35,91,P035,P091,TRANSFER,72197.25,Phase-3,ACCT-75345,NORMAL,synthetic_financial_records
TXN-00121,86,22,P086,P022,CASH_DEPOSIT,177530.14,Phase-3,ACCT-65921,HIGH,synthetic_financial_records
TXN-00122,2,3,P002,P003,TRANSFER,124201.66,Phase-2,ACCT-93011,WATCH,synthetic_financial_records
TXN-00123,86,72,P086,P072,CARD_PAYMENT,230024.05,Phase-1,ACCT-59112,WATCH,synthetic_financial_records
TXN-00124,100,54,P100,P054,CASH_DEPOSIT,43394.01,Phase-3,ACCT-42813,HIGH,synthetic_financial_records
TXN-00125,8,71,P008,P071,CASH_DEPOSIT,12407.05,Phase-3,ACCT-59296,WATCH,synthetic_financial_records
TXN-00126,80,59,P080,P059,CARD_PAYMENT,72967.96,Phase-3,ACCT-45166,HIGH,synthetic_financial_records
TXN-00127,25,36,P025,P036,CASH_WITHDRAWAL,10523.54,Phase-1,ACCT-99842,WATCH,synthetic_financial_records
TXN-00128,80,76,P080,P076,CASH_DEPOSIT,211531.22,Phase-1,ACCT-61819,NORMAL,synthetic_financial_records
TXN-00129,81,73,P081,P073,TRANSFER,249422.34,Phase-3,ACCT-62104,WATCH,synthetic_financial_records
TXN-00130,68,32,P068,P032,CASH_DEPOSIT,10333.96,Phase-1,ACCT-26336,NORMAL,synthetic_financial_records
TXN-00131,49,78,P049,P078,CARD_PAYMENT,67806.68,Phase-1,ACCT-65281,NORMAL,synthetic_financial_records
TXN-00132,105,65,P105,P065,CASH_WITHDRAWAL,48277.9,Phase-1,ACCT-97683,NORMAL,synthetic_financial_records
TXN-00133,65,46,P065,P046,TRANSFER,7918.8,Phase-1,ACCT-97165,WATCH,synthetic_financial_records
TXN-00134,35,15,P035,P015,TRANSFER,244709.96,Phase-2,ACCT-21811,WATCH,synthetic_financial_records
TXN-00135,31,19,P031,P019,CASH_DEPOSIT,206980.78,Phase-1,ACCT-99066,NORMAL,synthetic_financial_records
TXN-00136,46,41,P046,P041,UPI,41698.74,Phase-3,ACCT-71729,HIGH,synthetic_financial_records
TXN-00137,75,95,P075,P095,UPI,212344.01,Phase-3,ACCT-69541,NORMAL,synthetic_financial_records
TXN-00138,93,62,P093,P062,TRANSFER,10949.17,Phase-1,ACCT-26084,HIGH,synthetic_financial_records
TXN-00139,31,69,P031,P069,UPI,15798.43,Phase-3,ACCT-71718,NORMAL,synthetic_financial_records
TXN-00140,7,103,P007,P103,CARD_PAYMENT,8387.46,Phase-1,ACCT-62932,NORMAL,synthetic_financial_records
TXN-00141,109,70,P109,P070,UPI,176730.85,Phase-2,ACCT-80738,WATCH,synthetic_financial_records
TXN-00142,64,69,P064,P069,CARD_PAYMENT,10454.86,Phase-2,ACCT-67415,NORMAL,synthetic_financial_records
TXN-00143,16,18,P016,P018,UPI,74421.35,Phase-2,ACCT-23712,NORMAL,synthetic_financial_records
TXN-00144,18,71,P018,P071,CARD_PAYMENT,248355.69,Phase-3,ACCT-62998,HIGH,synthetic_financial_records
TXN-00145,38,97,P038,P097,UPI,40559.43,Phase-1,ACCT-18760,WATCH,synthetic_financial_records
TXN-00146,15,89,P015,P089,CARD_PAYMENT,232310.0,Phase-3,ACCT-30464,HIGH,synthetic_financial_records
TXN-00147,33,58,P033,P058,CASH_WITHDRAWAL,134924.54,Phase-1,ACCT-32061,HIGH,synthetic_financial_records
TXN-00148,90,76,P090,P076,CASH_DEPOSIT,101534.11,Phase-3,ACCT-98313,NORMAL,synthetic_financial_records
TXN-00149,66,27,P066,P027,UPI,172545.04,Phase-3,ACCT-40790,NORMAL,synthetic_financial_records
TXN-00150,49,39,P049,P039,CARD_PAYMENT,128867.06,Phase-3,ACCT-92635,NORMAL,synthetic_financial_records
TXN-00151,91,42,P091,P042,TRANSFER,147185.72,Phase-1,ACCT-16200,WATCH,synthetic_financial_records
TXN-00152,96,18,P096,P018,CASH_DEPOSIT,64002.03,Phase-1,ACCT-31282,HIGH,synthetic_financial_records
TXN-00153,16,96,P016,P096,UPI,30071.37,Phase-3,ACCT-23668,NORMAL,synthetic_financial_records
TXN-00154,107,92,P107,P092,UPI,43525.99,Phase-3,ACCT-25065,NORMAL,synthetic_financial_records
TXN-00155,74,65,P074,P065,TRANSFER,245214.01,Phase-3,ACCT-62885,NORMAL,synthetic_financial_records
TXN-00156,14,73,P014,P073,TRANSFER,196296.38,Phase-1,ACCT-17845,NORMAL,synthetic_financial_records
TXN-00157,76,13,P076,P013,CASH_DEPOSIT,206127.46,Phase-2,ACCT-30844,HIGH,synthetic_financial_records
TXN-00158,103,3,P103,P003,CARD_PAYMENT,128672.66,Phase-1,ACCT-83336,NORMAL,synthetic_financial_records
TXN-00159,72,89,P072,P089,UPI,147579.19,Phase-3,ACCT-76897,NORMAL,synthetic_financial_records
TXN-00160,32,37,P032,P037,TRANSFER,160659.63,Phase-1,ACCT-40809,WATCH,synthetic_financial_records
TXN-00161,44,76,P044,P076,CASH_DEPOSIT,8321.47,Phase-3,ACCT-22835,NORMAL,synthetic_financial_records
TXN-00162,82,37,P082,P037,CARD_PAYMENT,153920.52,Phase-1,ACCT-27985,HIGH,synthetic_financial_records
TXN-00163,102,48,P102,P048,UPI,79540.63,Phase-3,ACCT-76686,HIGH,synthetic_financial_records
TXN-00164,91,63,P091,P063,CARD_PAYMENT,230386.28,Phase-3,ACCT-16466,NORMAL,synthetic_financial_records
TXN-00165,81,54,P081,P054,CASH_DEPOSIT,64346.04,Phase-3,ACCT-46626,WATCH,synthetic_financial_records
TXN-00166,80,8,P080,P008,TRANSFER,45725.18,Phase-1,ACCT-78727,NORMAL,synthetic_financial_records
TXN-00167,92,32,P092,P032,CASH_WITHDRAWAL,69278.53,Phase-3,ACCT-48674,HIGH,synthetic_financial_records
TXN-00168,18,53,P018,P053,CASH_WITHDRAWAL,99368.04,Phase-3,ACCT-65668,NORMAL,synthetic_financial_records
TXN-00169,31,72,P031,P072,TRANSFER,79930.28,Phase-2,ACCT-11118,HIGH,synthetic_financial_records
TXN-00170,108,63,P108,P063,TRANSFER,45261.57,Phase-3,ACCT-38099,HIGH,synthetic_financial_records
TXN-00171,83,82,P083,P082,UPI,182023.14,Phase-3,ACCT-63417,WATCH,synthetic_financial_records
TXN-00172,71,62,P071,P062,TRANSFER,8360.4,Phase-2,ACCT-70019,NORMAL,synthetic_financial_records
TXN-00173,3,67,P003,P067,CASH_DEPOSIT,134497.32,Phase-2,ACCT-66952,NORMAL,synthetic_financial_records
TXN-00174,84,59,P084,P059,CASH_WITHDRAWAL,193370.93,Phase-2,ACCT-98917,HIGH,synthetic_financial_records
TXN-00175,18,20,P018,P020,CASH_DEPOSIT,38346.75,Phase-3,ACCT-52957,NORMAL,synthetic_financial_records
TXN-00176,102,95,P102,P095,CASH_WITHDRAWAL,235914.08,Phase-3,ACCT-21136,HIGH,synthetic_financial_records
TXN-00177,6,51,P006,P051,TRANSFER,172989.08,Phase-1,ACCT-97408,NORMAL,synthetic_financial_records
TXN-00178,87,90,P087,P090,CASH_DEPOSIT,145597.9,Phase-3,ACCT-61602,WATCH,synthetic_financial_records
TXN-00179,45,81,P045,P081,CASH_DEPOSIT,50995.96,Phase-3,ACCT-13301,NORMAL,synthetic_financial_records
TXN-00180,70,32,P070,P032,TRANSFER,55847.63,Phase-3,ACCT-16257,WATCH,synthetic_financial_records
TXN-00181,76,104,P076,P104,CASH_WITHDRAWAL,185602.92,Phase-1,ACCT-38505,NORMAL,synthetic_financial_records
TXN-00182,19,98,P019,P098,CARD_PAYMENT,195633.79,Phase-1,ACCT-20969,NORMAL,synthetic_financial_records
TXN-00183,53,40,P053,P040,CASH_DEPOSIT,210295.13,Phase-3,ACCT-66522,NORMAL,synthetic_financial_records
TXN-00184,108,20,P108,P020,CARD_PAYMENT,197885.7,Phase-3,ACCT-26637,NORMAL,synthetic_financial_records
TXN-00185,62,83,P062,P083,CARD_PAYMENT,206645.51,Phase-1,ACCT-50148,NORMAL,synthetic_financial_records
TXN-00186,98,109,P098,P109,UPI,192604.26,Phase-1,ACCT-18390,WATCH,synthetic_financial_records
TXN-00187,105,95,P105,P095,CARD_PAYMENT,178270.95,Phase-3,ACCT-85064,HIGH,synthetic_financial_records
TXN-00188,103,77,P103,P077,CASH_DEPOSIT,109208.98,Phase-2,ACCT-93449,NORMAL,synthetic_financial_records
TXN-00189,107,98,P107,P098,CARD_PAYMENT,65746.68,Phase-3,ACCT-86171,WATCH,synthetic_financial_records
TXN-00190,96,78,P096,P078,CASH_DEPOSIT,138119.75,Phase-1,ACCT-65192,NORMAL,synthetic_financial_records
TXN-00191,33,5,P033,P005,TRANSFER,86377.02,Phase-1,ACCT-45414,NORMAL,synthetic_financial_records
TXN-00192,4,53,P004,P053,UPI,157657.0,Phase-2,ACCT-72806,HIGH,synthetic_financial_records
TXN-00193,4,63,P004,P063,UPI,118017.25,Phase-1,ACCT-14838,NORMAL,synthetic_financial_records
TXN-00194,103,88,P103,P088,CASH_WITHDRAWAL,165088.11,Phase-3,ACCT-47402,NORMAL,synthetic_financial_records
TXN-00195,70,19,P070,P019,CASH_WITHDRAWAL,128128.17,Phase-1,ACCT-50148,WATCH,synthetic_financial_records
TXN-00196,89,50,P089,P050,TRANSFER,171169.75,Phase-2,ACCT-98701,HIGH,synthetic_financial_records
TXN-00197,107,109,P107,P109,TRANSFER,205132.36,Phase-3,ACCT-80975,NORMAL,synthetic_financial_records
TXN-00198,17,66,P017,P066,CASH_DEPOSIT,241323.09,Phase-3,ACCT-31446,NORMAL,synthetic_financial_records
TXN-00199,20,29,P020,P029,CASH_DEPOSIT,211792.52,Phase-2,ACCT-90388,HIGH,synthetic_financial_records
TXN-00200,80,67,P080,P067,CASH_WITHDRAWAL,148454.85,Phase-1,ACCT-18626,NORMAL,synthetic_financial_records
TXN-00201,55,49,P055,P049,CARD_PAYMENT,58805.31,Phase-2,ACCT-38423,NORMAL,synthetic_financial_records
TXN-00202,89,70,P089,P070,UPI,161798.96,Phase-2,ACCT-71346,NORMAL,synthetic_financial_records
TXN-00203,4,7,P004,P007,CASH_DEPOSIT,65559.29,Phase-3,ACCT-39765,NORMAL,synthetic_financial_records
TXN-00204,7,3,P007,P003,CASH_WITHDRAWAL,60784.82,Phase-2,ACCT-21721,NORMAL,synthetic_financial_records
TXN-00205,13,48,P013,P048,UPI,127075.54,Phase-3,ACCT-33055,NORMAL,synthetic_financial_records
TXN-00206,65,79,P065,P079,CARD_PAYMENT,234792.12,Phase-1,ACCT-26368,HIGH,synthetic_financial_records
TXN-00207,67,74,P067,P074,TRANSFER,38677.2,Phase-1,ACCT-25098,NORMAL,synthetic_financial_records
TXN-00208,62,89,P062,P089,CASH_WITHDRAWAL,51144.29,Phase-2,ACCT-12124,NORMAL,synthetic_financial_records
TXN-00209,3,29,P003,P029,CASH_DEPOSIT,15990.62,Phase-2,ACCT-82218,WATCH,synthetic_financial_records
TXN-00210,93,76,P093,P076,UPI,50891.76,Phase-2,ACCT-65412,NORMAL,synthetic_financial_records
TXN-00211,79,6,P079,P006,TRANSFER,11611.16,Phase-3,ACCT-55433,HIGH,synthetic_financial_records
TXN-00212,36,13,P036,P013,CASH_DEPOSIT,83539.5,Phase-3,ACCT-55669,WATCH,synthetic_financial_records
TXN-00213,65,25,P065,P025,TRANSFER,88257.74,Phase-2,ACCT-58237,NORMAL,synthetic_financial_records
TXN-00214,40,109,P040,P109,UPI,33630.05,Phase-2,ACCT-48650,HIGH,synthetic_financial_records
TXN-00215,1,7,P001,P007,UPI,127174.27,Phase-2,ACCT-87937,HIGH,synthetic_financial_records
TXN-00216,51,32,P051,P032,CARD_PAYMENT,83602.54,Phase-1,ACCT-25711,NORMAL,synthetic_financial_records
TXN-00217,106,42,P106,P042,TRANSFER,81254.46,Phase-2,ACCT-37956,HIGH,synthetic_financial_records
TXN-00218,52,3,P052,P003,TRANSFER,243170.29,Phase-3,ACCT-97077,NORMAL,synthetic_financial_records
TXN-00219,93,96,P093,P096,CASH_DEPOSIT,84983.9,Phase-1,ACCT-68363,NORMAL,synthetic_financial_records
TXN-00220,51,42,P051,P042,TRANSFER,153479.08,Phase-3,ACCT-67209,NORMAL,synthetic_financial_records
TXN-00221,28,8,P028,P008,CASH_WITHDRAWAL,59901.44,Phase-3,ACCT-28111,WATCH,synthetic_financial_records
TXN-00222,106,19,P106,P019,TRANSFER,237884.95,Phase-3,ACCT-86408,NORMAL,synthetic_financial_records
TXN-00223,89,31,P089,P031,TRANSFER,53400.98,Phase-1,ACCT-65051,NORMAL,synthetic_financial_records
TXN-00224,26,36,P026,P036,TRANSFER,224540.95,Phase-3,ACCT-37079,NORMAL,synthetic_financial_records
TXN-00225,92,40,P092,P040,CARD_PAYMENT,232493.68,Phase-2,ACCT-28715,NORMAL,synthetic_financial_records
TXN-00226,89,15,P089,P015,CASH_DEPOSIT,75900.08,Phase-1,ACCT-27089,WATCH,synthetic_financial_records
TXN-00227,46,38,P046,P038,TRANSFER,163027.43,Phase-1,ACCT-19995,HIGH,synthetic_financial_records
TXN-00228,19,28,P019,P028,CARD_PAYMENT,240070.59,Phase-1,ACCT-92969,WATCH,synthetic_financial_records
TXN-00229,2,59,P002,P059,CASH_WITHDRAWAL,205346.3,Phase-1,ACCT-76210,HIGH,synthetic_financial_records
TXN-00230,86,107,P086,P107,CASH_DEPOSIT,134290.95,Phase-2,ACCT-81921,WATCH,synthetic_financial_records
TXN-00231,16,4,P016,P004,TRANSFER,108891.05,Phase-2,ACCT-39002,NORMAL,synthetic_financial_records
TXN-00232,78,77,P078,P077,CASH_WITHDRAWAL,72705.43,Phase-2,ACCT-68272,NORMAL,synthetic_financial_records
TXN-00233,71,32,P071,P032,TRANSFER,41440.86,Phase-2,ACCT-31848,WATCH,synthetic_financial_records
TXN-00234,3,105,P003,P105,TRANSFER,148060.95,Phase-1,ACCT-18337,NORMAL,synthetic_financial_records
TXN-00235,83,67,P083,P067,TRANSFER,160201.73,Phase-3,ACCT-71060,HIGH,synthetic_financial_records
TXN-00236,28,25,P028,P025,TRANSFER,92601.79,Phase-3,ACCT-38146,NORMAL,synthetic_financial_records
TXN-00237,64,1,P064,P001,CARD_PAYMENT,11931.73,Phase-3,ACCT-68071,NORMAL,synthetic_financial_records
TXN-00238,49,103,P049,P103,TRANSFER,77824.73,Phase-1,ACCT-23589,HIGH,synthetic_financial_records
TXN-00239,96,97,P096,P097,UPI,171736.1,Phase-3,ACCT-80535,WATCH,synthetic_financial_records
TXN-00240,55,45,P055,P045,CARD_PAYMENT,185468.65,Phase-1,ACCT-67371,WATCH,synthetic_financial_records
TXN-00241,104,106,P104,P106,CARD_PAYMENT,226965.94,Phase-1,ACCT-19316,WATCH,synthetic_financial_records
TXN-00242,48,38,P048,P038,CASH_WITHDRAWAL,25736.39,Phase-1,ACCT-86556,NORMAL,synthetic_financial_records
TXN-00243,52,36,P052,P036,CARD_PAYMENT,132947.88,Phase-3,ACCT-39751,WATCH,synthetic_financial_records
TXN-00244,97,106,P097,P106,CARD_PAYMENT,214533.33,Phase-2,ACCT-66228,WATCH,synthetic_financial_records
TXN-00245,81,10,P081,P010,TRANSFER,12134.28,Phase-2,ACCT-27962,HIGH,synthetic_financial_records
TXN-00246,68,55,P068,P055,UPI,19514.18,Phase-2,ACCT-27546,WATCH,synthetic_financial_records
TXN-00247,76,17,P076,P017,CASH_DEPOSIT,80163.94,Phase-3,ACCT-89819,NORMAL,synthetic_financial_records
TXN-00248,97,8,P097,P008,CASH_WITHDRAWAL,233419.08,Phase-1,ACCT-24011,HIGH,synthetic_financial_records
TXN-00249,85,88,P085,P088,UPI,112436.5,Phase-3,ACCT-77479,HIGH,synthetic_financial_records
TXN-00250,23,12,P023,P012,TRANSFER,197844.32,Phase-2,ACCT-32360,NORMAL,synthetic_financial_records
TXN-00251,18,98,P018,P098,CASH_DEPOSIT,249569.16,Phase-3,ACCT-47231,HIGH,synthetic_financial_records
TXN-00252,53,87,P053,P087,CASH_DEPOSIT,8080.69,Phase-2,ACCT-66485,HIGH,synthetic_financial_records
TXN-00253,36,105,P036,P105,CASH_DEPOSIT,200708.42,Phase-3,ACCT-48126,NORMAL,synthetic_financial_records
TXN-00254,80,81,P080,P081,CASH_DEPOSIT,158608.81,Phase-1,ACCT-22863,NORMAL,synthetic_financial_records
TXN-00255,86,106,P086,P106,CASH_WITHDRAWAL,220409.26,Phase-3,ACCT-71414,WATCH,synthetic_financial_records
TXN-00256,61,36,P061,P036,CARD_PAYMENT,232067.69,Phase-3,ACCT-57434,NORMAL,synthetic_financial_records
TXN-00257,43,104,P043,P104,UPI,114614.86,Phase-3,ACCT-57989,NORMAL,synthetic_financial_records
TXN-00258,49,43,P049,P043,UPI,178359.8,Phase-2,ACCT-48694,WATCH,synthetic_financial_records
TXN-00259,46,59,P046,P059,CARD_PAYMENT,5159.88,Phase-2,ACCT-28967,NORMAL,synthetic_financial_records
TXN-00260,90,15,P090,P015,CASH_DEPOSIT,16514.3,Phase-2,ACCT-91982,NORMAL,synthetic_financial_records
TXN-00261,84,7,P084,P007,CARD_PAYMENT,67340.81,Phase-3,ACCT-32953,NORMAL,synthetic_financial_records
TXN-00262,70,8,P070,P008,CASH_DEPOSIT,41005.19,Phase-1,ACCT-92200,NORMAL,synthetic_financial_records
TXN-00263,74,102,P074,P102,CARD_PAYMENT,165174.9,Phase-2,ACCT-18383,NORMAL,synthetic_financial_records
TXN-00264,7,109,P007,P109,CASH_WITHDRAWAL,243374.16,Phase-3,ACCT-30527,NORMAL,synthetic_financial_records
TXN-00265,21,93,P021,P093,CASH_WITHDRAWAL,69900.68,Phase-2,ACCT-62681,NORMAL,synthetic_financial_records
TXN-00266,18,76,P018,P076,UPI,163782.7,Phase-2,ACCT-52851,WATCH,synthetic_financial_records
TXN-00267,41,27,P041,P027,TRANSFER,233795.16,Phase-1,ACCT-67045,NORMAL,synthetic_financial_records
TXN-00268,64,7,P064,P007,UPI,49428.95,Phase-3,ACCT-68305,NORMAL,synthetic_financial_records
TXN-00269,64,102,P064,P102,CASH_WITHDRAWAL,52753.86,Phase-1,ACCT-26216,NORMAL,synthetic_financial_records
TXN-00270,84,108,P084,P108,CASH_DEPOSIT,83744.36,Phase-1,ACCT-70129,HIGH,synthetic_financial_records
TXN-00271,3,15,P003,P015,UPI,26954.95,Phase-3,ACCT-91929,NORMAL,synthetic_financial_records
TXN-00272,103,9,P103,P009,TRANSFER,198200.25,Phase-2,ACCT-55792,WATCH,synthetic_financial_records
TXN-00273,54,43,P054,P043,TRANSFER,221439.31,Phase-1,ACCT-78392,WATCH,synthetic_financial_records
TXN-00274,103,85,P103,P085,CASH_WITHDRAWAL,34778.6,Phase-1,ACCT-21697,WATCH,synthetic_financial_records
TXN-00275,1,68,P001,P068,UPI,93383.72,Phase-1,ACCT-46295,NORMAL,synthetic_financial_records
TXN-00276,41,82,P041,P082,UPI,248875.82,Phase-2,ACCT-89306,WATCH,synthetic_financial_records
TXN-00277,98,61,P098,P061,CASH_WITHDRAWAL,127658.49,Phase-2,ACCT-81031,WATCH,synthetic_financial_records
TXN-00278,84,43,P084,P043,UPI,63359.32,Phase-3,ACCT-81859,NORMAL,synthetic_financial_records
TXN-00279,82,43,P082,P043,CARD_PAYMENT,244781.93,Phase-2,ACCT-25224,NORMAL,synthetic_financial_records
TXN-00280,51,56,P051,P056,CASH_WITHDRAWAL,240038.54,Phase-3,ACCT-69822,HIGH,synthetic_financial_records
TXN-00281,40,39,P040,P039,CASH_WITHDRAWAL,117821.7,Phase-2,ACCT-70359,NORMAL,synthetic_financial_records
TXN-00282,43,67,P043,P067,UPI,231153.01,Phase-2,ACCT-57584,NORMAL,synthetic_financial_records
TXN-00283,107,8,P107,P008,CASH_DEPOSIT,147914.51,Phase-1,ACCT-20468,WATCH,synthetic_financial_records
TXN-00284,33,50,P033,P050,CARD_PAYMENT,180966.53,Phase-3,ACCT-48272,NORMAL,synthetic_financial_records
TXN-00285,74,97,P074,P097,TRANSFER,61009.56,Phase-3,ACCT-17476,NORMAL,synthetic_financial_records
TXN-00286,29,81,P029,P081,TRANSFER,5747.33,Phase-2,ACCT-17461,NORMAL,synthetic_financial_records
TXN-00287,50,7,P050,P007,CASH_DEPOSIT,744.72,Phase-3,ACCT-86354,NORMAL,synthetic_financial_records
TXN-00288,14,61,P014,P061,UPI,141469.53,Phase-3,ACCT-73872,NORMAL,synthetic_financial_records
TXN-00289,39,72,P039,P072,CASH_WITHDRAWAL,93911.69,Phase-2,ACCT-61131,WATCH,synthetic_financial_records
TXN-00290,23,69,P023,P069,CASH_WITHDRAWAL,172669.77,Phase-1,ACCT-70800,NORMAL,synthetic_financial_records
TXN-00291,63,11,P063,P011,CARD_PAYMENT,149113.23,Phase-3,ACCT-49381,HIGH,synthetic_financial_records
TXN-00292,20,98,P020,P098,CASH_WITHDRAWAL,129076.93,Phase-2,ACCT-90508,NORMAL,synthetic_financial_records
TXN-00293,45,33,P045,P033,TRANSFER,28279.14,Phase-2,ACCT-45470,NORMAL,synthetic_financial_records
TXN-00294,29,89,P029,P089,UPI,147579.83,Phase-2,ACCT-40760,NORMAL,synthetic_financial_records
TXN-00295,2,101,P002,P101,UPI,73947.5,Phase-3,ACCT-94025,HIGH,synthetic_financial_records
TXN-00296,80,97,P080,P097,TRANSFER,242692.34,Phase-2,ACCT-52613,HIGH,synthetic_financial_records
TXN-00297,69,50,P069,P050,UPI,67446.47,Phase-1,ACCT-39855,NORMAL,synthetic_financial_records
TXN-00298,109,52,P109,P052,CASH_DEPOSIT,198430.34,Phase-1,ACCT-37292,NORMAL,synthetic_financial_records
TXN-00299,11,103,P011,P103,CASH_WITHDRAWAL,43046.71,Phase-2,ACCT-19049,HIGH,synthetic_financial_records
TXN-00300,89,70,P089,P070,CARD_PAYMENT,59728.48,Phase-1,ACCT-40019,HIGH,synthetic_financial_records
TXN-00301,6,67,P006,P067,CASH_WITHDRAWAL,248755.68,Phase-3,ACCT-13814,NORMAL,synthetic_financial_records
TXN-00302,9,20,P009,P020,TRANSFER,135294.9,Phase-3,ACCT-76725,NORMAL,synthetic_financial_records
TXN-00303,96,17,P096,P017,CASH_DEPOSIT,175602.35,Phase-2,ACCT-82131,NORMAL,synthetic_financial_records
TXN-00304,11,102,P011,P102,UPI,35221.71,Phase-1,ACCT-95106,WATCH,synthetic_financial_records
TXN-00305,47,44,P047,P044,UPI,192424.9,Phase-1,ACCT-19963,HIGH,synthetic_financial_records
TXN-00306,12,103,P012,P103,TRANSFER,120725.23,Phase-3,ACCT-83506,NORMAL,synthetic_financial_records
TXN-00307,37,87,P037,P087,CASH_WITHDRAWAL,24270.78,Phase-2,ACCT-53144,HIGH,synthetic_financial_records
TXN-00308,99,29,P099,P029,CASH_DEPOSIT,19287.21,Phase-1,ACCT-96963,NORMAL,synthetic_financial_records
TXN-00309,76,73,P076,P073,TRANSFER,153958.35,Phase-2,ACCT-62747,NORMAL,synthetic_financial_records
TXN-00310,106,46,P106,P046,CASH_WITHDRAWAL,146634.74,Phase-1,ACCT-33852,HIGH,synthetic_financial_records
TXN-00311,85,96,P085,P096,CARD_PAYMENT,62022.85,Phase-1,ACCT-58508,NORMAL,synthetic_financial_records
TXN-00312,99,39,P099,P039,CASH_WITHDRAWAL,170757.67,Phase-1,ACCT-21900,HIGH,synthetic_financial_records
TXN-00313,81,86,P081,P086,TRANSFER,214958.36,Phase-3,ACCT-36294,WATCH,synthetic_financial_records
TXN-00314,29,38,P029,P038,UPI,94313.07,Phase-3,ACCT-73416,HIGH,synthetic_financial_records
TXN-00315,56,7,P056,P007,UPI,138487.17,Phase-1,ACCT-76473,NORMAL,synthetic_financial_records
TXN-00316,77,46,P077,P046,UPI,149281.08,Phase-2,ACCT-67260,HIGH,synthetic_financial_records
TXN-00317,70,92,P070,P092,CASH_WITHDRAWAL,44324.43,Phase-3,ACCT-16994,NORMAL,synthetic_financial_records
TXN-00318,96,39,P096,P039,CARD_PAYMENT,248619.8,Phase-2,ACCT-50269,WATCH,synthetic_financial_records
TXN-00319,40,72,P040,P072,CARD_PAYMENT,57017.04,Phase-3,ACCT-95596,WATCH,synthetic_financial_records
TXN-00320,10,30,P010,P030,CASH_WITHDRAWAL,173971.17,Phase-3,ACCT-77459,NORMAL,synthetic_financial_records
TXN-00321,90,3,P090,P003,CARD_PAYMENT,24414.33,Phase-2,ACCT-22723,WATCH,synthetic_financial_records
TXN-00322,106,27,P106,P027,UPI,183717.87,Phase-3,ACCT-80160,NORMAL,synthetic_financial_records
TXN-00323,27,51,P027,P051,UPI,70641.09,Phase-1,ACCT-73119,NORMAL,synthetic_financial_records
TXN-00324,71,63,P071,P063,UPI,14338.47,Phase-1,ACCT-65592,NORMAL,synthetic_financial_records
TXN-00325,90,5,P090,P005,CASH_DEPOSIT,23112.6,Phase-2,ACCT-18937,NORMAL,synthetic_financial_records
TXN-00326,81,109,P081,P109,CARD_PAYMENT,176269.7,Phase-1,ACCT-50734,HIGH,synthetic_financial_records
TXN-00327,104,49,P104,P049,CARD_PAYMENT,24649.18,Phase-2,ACCT-46366,HIGH,synthetic_financial_records
TXN-00328,59,9,P059,P009,CARD_PAYMENT,48549.15,Phase-1,ACCT-48404,WATCH,synthetic_financial_records
TXN-00329,41,107,P041,P107,CASH_WITHDRAWAL,150464.2,Phase-3,ACCT-47951,NORMAL,synthetic_financial_records
TXN-00330,54,40,P054,P040,CASH_WITHDRAWAL,223443.53,Phase-1,ACCT-42394,NORMAL,synthetic_financial_records
TXN-00331,98,2,P098,P002,CASH_DEPOSIT,92592.53,Phase-3,ACCT-64499,NORMAL,synthetic_financial_records
TXN-00332,102,26,P102,P026,CARD_PAYMENT,160268.34,Phase-3,ACCT-34881,HIGH,synthetic_financial_records
TXN-00333,61,13,P061,P013,CASH_DEPOSIT,185539.65,Phase-2,ACCT-70560,NORMAL,synthetic_financial_records
TXN-00334,102,76,P102,P076,TRANSFER,147935.67,Phase-2,ACCT-24980,HIGH,synthetic_financial_records
TXN-00335,107,103,P107,P103,UPI,46273.45,Phase-2,ACCT-35122,HIGH,synthetic_financial_records
TXN-00336,25,8,P025,P008,CASH_DEPOSIT,224333.61,Phase-3,ACCT-75188,WATCH,synthetic_financial_records
TXN-00337,101,102,P101,P102,UPI,35360.4,Phase-1,ACCT-85045,NORMAL,synthetic_financial_records
TXN-00338,85,71,P085,P071,CASH_WITHDRAWAL,17142.58,Phase-1,ACCT-54892,WATCH,synthetic_financial_records
TXN-00339,52,29,P052,P029,TRANSFER,9976.93,Phase-2,ACCT-55344,NORMAL,synthetic_financial_records
TXN-00340,82,25,P082,P025,CASH_DEPOSIT,48449.19,Phase-2,ACCT-28990,NORMAL,synthetic_financial_records
TXN-00341,104,48,P104,P048,TRANSFER,112775.11,Phase-3,ACCT-30246,HIGH,synthetic_financial_records
TXN-00342,17,55,P017,P055,UPI,103144.53,Phase-3,ACCT-43853,HIGH,synthetic_financial_records
TXN-00343,73,35,P073,P035,TRANSFER,197834.04,Phase-2,ACCT-50365,NORMAL,synthetic_financial_records
TXN-00344,6,16,P006,P016,CASH_DEPOSIT,52931.07,Phase-3,ACCT-82067,NORMAL,synthetic_financial_records
TXN-00345,56,83,P056,P083,CASH_DEPOSIT,196918.53,Phase-1,ACCT-90002,WATCH,synthetic_financial_records
TXN-00346,80,43,P080,P043,CASH_DEPOSIT,162138.19,Phase-3,ACCT-18363,WATCH,synthetic_financial_records
TXN-00347,1,34,P001,P034,UPI,108912.76,Phase-3,ACCT-97377,NORMAL,synthetic_financial_records
TXN-00348,53,85,P053,P085,CARD_PAYMENT,120075.98,Phase-2,ACCT-44597,NORMAL,synthetic_financial_records
TXN-00349,18,14,P018,P014,CARD_PAYMENT,74237.09,Phase-1,ACCT-26037,NORMAL,synthetic_financial_records
TXN-00350,89,86,P089,P086,TRANSFER,3922.24,Phase-2,ACCT-38197,WATCH,synthetic_financial_records
TXN-00351,101,36,P101,P036,TRANSFER,58342.23,Phase-1,ACCT-33357,HIGH,synthetic_financial_records
TXN-00352,88,56,P088,P056,CASH_DEPOSIT,55773.0,Phase-1,ACCT-73583,HIGH,synthetic_financial_records
TXN-00353,67,72,P067,P072,TRANSFER,101412.07,Phase-1,ACCT-75856,NORMAL,synthetic_financial_records
TXN-00354,32,103,P032,P103,CASH_WITHDRAWAL,39435.15,Phase-2,ACCT-17231,WATCH,synthetic_financial_records
TXN-00355,70,4,P070,P004,TRANSFER,233352.44,Phase-2,ACCT-55173,NORMAL,synthetic_financial_records
TXN-00356,10,46,P010,P046,CASH_WITHDRAWAL,141533.15,Phase-2,ACCT-81823,NORMAL,synthetic_financial_records
TXN-00357,31,97,P031,P097,TRANSFER,235524.14,Phase-3,ACCT-24659,HIGH,synthetic_financial_records
TXN-00358,106,63,P106,P063,CASH_WITHDRAWAL,140412.26,Phase-1,ACCT-16375,NORMAL,synthetic_financial_records
TXN-00359,84,2,P084,P002,CASH_WITHDRAWAL,111100.08,Phase-1,ACCT-97168,WATCH,synthetic_financial_records
TXN-00360,103,25,P103,P025,TRANSFER,149184.03,Phase-1,ACCT-57826,NORMAL,synthetic_financial_records
TXN-00361,70,33,P070,P033,CARD_PAYMENT,238130.84,Phase-1,ACCT-38938,HIGH,synthetic_financial_records
TXN-00362,75,109,P075,P109,CASH_DEPOSIT,118420.2,Phase-3,ACCT-93893,NORMAL,synthetic_financial_records
TXN-00363,72,73,P072,P073,CASH_WITHDRAWAL,178026.78,Phase-1,ACCT-79802,NORMAL,synthetic_financial_records
TXN-00364,46,37,P046,P037,CARD_PAYMENT,28660.68,Phase-2,ACCT-23838,NORMAL,synthetic_financial_records
TXN-00365,78,89,P078,P089,CARD_PAYMENT,176349.6,Phase-3,ACCT-79177,HIGH,synthetic_financial_records
TXN-00366,39,98,P039,P098,CARD_PAYMENT,119079.14,Phase-1,ACCT-67891,NORMAL,synthetic_financial_records
TXN-00367,81,90,P081,P090,TRANSFER,89905.87,Phase-2,ACCT-32203,HIGH,synthetic_financial_records
TXN-00368,103,59,P103,P059,CARD_PAYMENT,93683.86,Phase-3,ACCT-28471,NORMAL,synthetic_financial_records
TXN-00369,81,2,P081,P002,CASH_WITHDRAWAL,216084.16,Phase-1,ACCT-10467,NORMAL,synthetic_financial_records
TXN-00370,64,99,P064,P099,UPI,36337.07,Phase-1,ACCT-19000,HIGH,synthetic_financial_records
TXN-00371,34,83,P034,P083,CASH_WITHDRAWAL,152481.76,Phase-2,ACCT-94892,NORMAL,synthetic_financial_records
TXN-00372,71,81,P071,P081,UPI,86383.78,Phase-3,ACCT-51955,NORMAL,synthetic_financial_records
TXN-00373,7,100,P007,P100,TRANSFER,14506.89,Phase-2,ACCT-46506,WATCH,synthetic_financial_records
TXN-00374,61,55,P061,P055,TRANSFER,108977.4,Phase-2,ACCT-52382,HIGH,synthetic_financial_records
TXN-00375,29,72,P029,P072,UPI,130849.34,Phase-1,ACCT-25810,NORMAL,synthetic_financial_records
TXN-00376,26,72,P026,P072,CASH_WITHDRAWAL,17529.94,Phase-1,ACCT-86577,NORMAL,synthetic_financial_records
TXN-00377,23,56,P023,P056,CASH_DEPOSIT,154794.16,Phase-3,ACCT-97841,NORMAL,synthetic_financial_records
TXN-00378,22,91,P022,P091,TRANSFER,202593.73,Phase-1,ACCT-55315,NORMAL,synthetic_financial_records
TXN-00379,6,89,P006,P089,CASH_DEPOSIT,225596.15,Phase-2,ACCT-56583,NORMAL,synthetic_financial_records
TXN-00380,1,43,P001,P043,TRANSFER,229447.08,Phase-2,ACCT-35910,WATCH,synthetic_financial_records
TXN-00381,12,102,P012,P102,UPI,194847.0,Phase-2,ACCT-77050,NORMAL,synthetic_financial_records
TXN-00382,84,91,P084,P091,CARD_PAYMENT,191246.03,Phase-3,ACCT-80240,HIGH,synthetic_financial_records
TXN-00383,54,26,P054,P026,CASH_DEPOSIT,232841.24,Phase-2,ACCT-49646,WATCH,synthetic_financial_records
TXN-00384,98,13,P098,P013,CARD_PAYMENT,235579.93,Phase-3,ACCT-68056,HIGH,synthetic_financial_records
TXN-00385,33,29,P033,P029,UPI,101338.66,Phase-1,ACCT-29337,NORMAL,synthetic_financial_records
TXN-00386,66,61,P066,P061,CASH_WITHDRAWAL,230374.96,Phase-3,ACCT-88690,NORMAL,synthetic_financial_records
TXN-00387,58,100,P058,P100,CASH_DEPOSIT,91133.7,Phase-2,ACCT-92902,NORMAL,synthetic_financial_records
TXN-00388,80,48,P080,P048,UPI,71823.48,Phase-1,ACCT-52711,NORMAL,synthetic_financial_records
TXN-00389,18,78,P018,P078,TRANSFER,231113.28,Phase-3,ACCT-57722,NORMAL,synthetic_financial_records
TXN-00390,47,43,P047,P043,TRANSFER,18058.26,Phase-2,ACCT-68422,NORMAL,synthetic_financial_records
TXN-00391,83,11,P083,P011,CASH_DEPOSIT,193379.5,Phase-1,ACCT-56301,HIGH,synthetic_financial_records
TXN-00392,74,65,P074,P065,TRANSFER,217121.6,Phase-2,ACCT-89935,WATCH,synthetic_financial_records
TXN-00393,8,52,P008,P052,TRANSFER,198763.23,Phase-3,ACCT-45094,HIGH,synthetic_financial_records
TXN-00394,99,21,P099,P021,CASH_DEPOSIT,76017.45,Phase-3,ACCT-37779,HIGH,synthetic_financial_records
TXN-00395,29,94,P029,P094,CASH_DEPOSIT,229165.15,Phase-2,ACCT-97279,HIGH,synthetic_financial_records
TXN-00396,48,12,P048,P012,CARD_PAYMENT,891.56,Phase-1,ACCT-17051,WATCH,synthetic_financial_records
TXN-00397,34,97,P034,P097,UPI,80968.36,Phase-2,ACCT-26665,NORMAL,synthetic_financial_records
TXN-00398,51,73,P051,P073,CASH_WITHDRAWAL,78151.55,Phase-1,ACCT-28493,WATCH,synthetic_financial_records
TXN-00399,68,52,P068,P052,CASH_DEPOSIT,174591.25,Phase-1,ACCT-95881,HIGH,synthetic_financial_records
TXN-00400,36,64,P036,P064,UPI,125852.45,Phase-1,ACCT-45435,HIGH,synthetic_financial_records
TXN-00401,59,76,P059,P076,UPI,27295.34,Phase-1,ACCT-24517,NORMAL,synthetic_financial_records
TXN-00402,106,13,P106,P013,CARD_PAYMENT,86580.18,Phase-3,ACCT-39694,WATCH,synthetic_financial_records
TXN-00403,99,108,P099,P108,UPI,83262.53,Phase-2,ACCT-89670,HIGH,synthetic_financial_records
TXN-00404,35,11,P035,P011,CASH_DEPOSIT,5515.05,Phase-1,ACCT-61754,NORMAL,synthetic_financial_records
TXN-00405,23,62,P023,P062,CASH_DEPOSIT,79252.25,Phase-1,ACCT-85159,HIGH,synthetic_financial_records
TXN-00406,27,37,P027,P037,UPI,155391.67,Phase-2,ACCT-31255,WATCH,synthetic_financial_records
TXN-00407,70,14,P070,P014,CASH_DEPOSIT,84984.9,Phase-2,ACCT-77479,NORMAL,synthetic_financial_records
TXN-00408,46,40,P046,P040,CASH_DEPOSIT,17344.57,Phase-1,ACCT-36286,NORMAL,synthetic_financial_records
TXN-00409,8,82,P008,P082,CARD_PAYMENT,199392.82,Phase-1,ACCT-77822,HIGH,synthetic_financial_records
TXN-00410,107,92,P107,P092,CARD_PAYMENT,197709.95,Phase-2,ACCT-30102,HIGH,synthetic_financial_records
TXN-00411,93,108,P093,P108,UPI,150890.6,Phase-2,ACCT-48492,HIGH,synthetic_financial_records
TXN-00412,46,53,P046,P053,CASH_WITHDRAWAL,175601.11,Phase-2,ACCT-92043,NORMAL,synthetic_financial_records
TXN-00413,52,48,P052,P048,UPI,114357.68,Phase-1,ACCT-15021,HIGH,synthetic_financial_records
TXN-00414,38,75,P038,P075,CARD_PAYMENT,148884.05,Phase-3,ACCT-97784,NORMAL,synthetic_financial_records
TXN-00415,79,52,P079,P052,CARD_PAYMENT,114443.04,Phase-1,ACCT-40527,NORMAL,synthetic_financial_records
TXN-00416,27,106,P027,P106,CASH_DEPOSIT,68874.66,Phase-1,ACCT-72657,NORMAL,synthetic_financial_records
TXN-00417,21,51,P021,P051,TRANSFER,169969.4,Phase-2,ACCT-36435,NORMAL,synthetic_financial_records
TXN-00418,75,13,P075,P013,CASH_WITHDRAWAL,70398.37,Phase-3,ACCT-61036,WATCH,synthetic_financial_records
TXN-00419,68,106,P068,P106,CARD_PAYMENT,152464.26,Phase-3,ACCT-98377,NORMAL,synthetic_financial_records
TXN-00420,9,101,P009,P101,UPI,80732.13,Phase-1,ACCT-56440,HIGH,synthetic_financial_records
TXN-00421,44,8,P044,P008,CASH_WITHDRAWAL,239877.77,Phase-1,ACCT-29102,HIGH,synthetic_financial_records
TXN-00422,85,82,P085,P082,TRANSFER,133784.98,Phase-1,ACCT-68514,WATCH,synthetic_financial_records
TXN-00423,22,97,P022,P097,CASH_WITHDRAWAL,217105.12,Phase-2,ACCT-19593,NORMAL,synthetic_financial_records
TXN-00424,101,92,P101,P092,TRANSFER,218213.53,Phase-3,ACCT-20223,WATCH,synthetic_financial_records
TXN-00425,55,104,P055,P104,CASH_WITHDRAWAL,109024.2,Phase-1,ACCT-82403,HIGH,synthetic_financial_records
TXN-00426,37,65,P037,P065,TRANSFER,73685.82,Phase-1,ACCT-13650,NORMAL,synthetic_financial_records
TXN-00427,2,38,P002,P038,UPI,38160.86,Phase-1,ACCT-32543,NORMAL,synthetic_financial_records
TXN-00428,33,103,P033,P103,TRANSFER,63730.81,Phase-1,ACCT-88073,WATCH,synthetic_financial_records
TXN-00429,2,15,P002,P015,CASH_DEPOSIT,89645.85,Phase-3,ACCT-69544,WATCH,synthetic_financial_records
TXN-00430,82,63,P082,P063,CASH_DEPOSIT,83024.17,Phase-2,ACCT-89117,WATCH,synthetic_financial_records
TXN-00431,63,109,P063,P109,UPI,126465.61,Phase-3,ACCT-55409,NORMAL,synthetic_financial_records
TXN-00432,99,15,P099,P015,CASH_DEPOSIT,233261.75,Phase-3,ACCT-47811,HIGH,synthetic_financial_records
TXN-00433,99,96,P099,P096,UPI,53684.4,Phase-1,ACCT-71024,HIGH,synthetic_financial_records
TXN-00434,94,100,P094,P100,UPI,43765.71,Phase-2,ACCT-56821,WATCH,synthetic_financial_records
TXN-00435,78,50,P078,P050,CASH_DEPOSIT,115606.87,Phase-3,ACCT-87696,HIGH,synthetic_financial_records
TXN-00436,16,38,P016,P038,CASH_DEPOSIT,48897.32,Phase-2,ACCT-63749,NORMAL,synthetic_financial_records
TXN-00437,53,98,P053,P098,TRANSFER,82075.69,Phase-3,ACCT-66363,NORMAL,synthetic_financial_records
TXN-00438,72,101,P072,P101,CASH_WITHDRAWAL,108231.64,Phase-2,ACCT-48497,NORMAL,synthetic_financial_records
TXN-00439,61,97,P061,P097,CASH_DEPOSIT,185311.66,Phase-2,ACCT-94829,HIGH,synthetic_financial_records
TXN-00440,53,83,P053,P083,CASH_WITHDRAWAL,183705.1,Phase-2,ACCT-74587,NORMAL,synthetic_financial_records
TXN-00441,102,61,P102,P061,CASH_DEPOSIT,198160.99,Phase-1,ACCT-32717,NORMAL,synthetic_financial_records
TXN-00442,107,38,P107,P038,CASH_WITHDRAWAL,50441.06,Phase-2,ACCT-34044,WATCH,synthetic_financial_records
TXN-00443,3,46,P003,P046,UPI,57029.07,Phase-1,ACCT-19525,NORMAL,synthetic_financial_records
TXN-00444,16,15,P016,P015,CASH_WITHDRAWAL,217860.52,Phase-1,ACCT-59907,NORMAL,synthetic_financial_records
TXN-00445,43,50,P043,P050,CASH_WITHDRAWAL,151205.32,Phase-3,ACCT-92488,NORMAL,synthetic_financial_records
TXN-00446,5,67,P005,P067,CASH_DEPOSIT,220606.1,Phase-1,ACCT-55417,HIGH,synthetic_financial_records
TXN-00447,72,76,P072,P076,UPI,154024.84,Phase-1,ACCT-25537,NORMAL,synthetic_financial_records
TXN-00448,46,103,P046,P103,UPI,101894.98,Phase-1,ACCT-53661,NORMAL,synthetic_financial_records
TXN-00449,100,74,P100,P074,TRANSFER,196970.06,Phase-3,ACCT-31395,HIGH,synthetic_financial_records
TXN-00450,77,74,P077,P074,CASH_WITHDRAWAL,35698.47,Phase-2,ACCT-48380,NORMAL,synthetic_financial_records
TXN-00451,79,52,P079,P052,TRANSFER,224821.01,Phase-3,ACCT-73643,WATCH,synthetic_financial_records
TXN-00452,13,76,P013,P076,TRANSFER,190099.79,Phase-3,ACCT-82874,HIGH,synthetic_financial_records
TXN-00453,68,95,P068,P095,CARD_PAYMENT,74907.86,Phase-2,ACCT-16968,HIGH,synthetic_financial_records
TXN-00454,39,91,P039,P091,CASH_WITHDRAWAL,166971.8,Phase-1,ACCT-72362,NORMAL,synthetic_financial_records
TXN-00455,69,91,P069,P091,CASH_DEPOSIT,26345.7,Phase-1,ACCT-32620,WATCH,synthetic_financial_records
TXN-00456,4,81,P004,P081,TRANSFER,1742.68,Phase-1,ACCT-89171,HIGH,synthetic_financial_records
TXN-00457,54,33,P054,P033,CARD_PAYMENT,11028.28,Phase-3,ACCT-68433,NORMAL,synthetic_financial_records
TXN-00458,35,46,P035,P046,UPI,112458.51,Phase-1,ACCT-89881,WATCH,synthetic_financial_records
TXN-00459,87,47,P087,P047,CARD_PAYMENT,56631.27,Phase-1,ACCT-24228,NORMAL,synthetic_financial_records
TXN-00460,65,42,P065,P042,TRANSFER,130510.58,Phase-3,ACCT-71659,HIGH,synthetic_financial_records
TXN-00461,64,4,P064,P004,CARD_PAYMENT,222957.34,Phase-3,ACCT-55761,HIGH,synthetic_financial_records
TXN-00462,62,84,P062,P084,UPI,194526.85,Phase-1,ACCT-13696,HIGH,synthetic_financial_records
TXN-00463,52,80,P052,P080,CASH_WITHDRAWAL,230095.92,Phase-2,ACCT-73190,NORMAL,synthetic_financial_records
TXN-00464,6,66,P006,P066,UPI,211478.55,Phase-2,ACCT-57670,NORMAL,synthetic_financial_records
TXN-00465,104,29,P104,P029,TRANSFER,229182.76,Phase-2,ACCT-29238,WATCH,synthetic_financial_records
TXN-00466,46,104,P046,P104,CASH_WITHDRAWAL,159354.2,Phase-2,ACCT-23611,NORMAL,synthetic_financial_records
TXN-00467,77,80,P077,P080,CASH_WITHDRAWAL,168141.14,Phase-3,ACCT-10427,HIGH,synthetic_financial_records
TXN-00468,51,77,P051,P077,CASH_DEPOSIT,50809.98,Phase-1,ACCT-25480,NORMAL,synthetic_financial_records
TXN-00469,87,28,P087,P028,CASH_DEPOSIT,36815.89,Phase-2,ACCT-36369,NORMAL,synthetic_financial_records
TXN-00470,90,28,P090,P028,TRANSFER,237172.64,Phase-2,ACCT-73535,WATCH,synthetic_financial_records
TXN-00471,4,103,P004,P103,TRANSFER,190832.57,Phase-3,ACCT-43489,HIGH,synthetic_financial_records
TXN-00472,40,25,P040,P025,UPI,146513.2,Phase-2,ACCT-44911,WATCH,synthetic_financial_records
TXN-00473,109,77,P109,P077,UPI,61129.06,Phase-3,ACCT-72489,NORMAL,synthetic_financial_records
TXN-00474,73,59,P073,P059,CASH_DEPOSIT,48751.83,Phase-3,ACCT-73278,HIGH,synthetic_financial_records
TXN-00475,53,12,P053,P012,UPI,77587.71,Phase-2,ACCT-23162,NORMAL,synthetic_financial_records
TXN-00476,94,71,P094,P071,CASH_WITHDRAWAL,195213.05,Phase-3,ACCT-38960,NORMAL,synthetic_financial_records
TXN-00477,85,107,P085,P107,CASH_DEPOSIT,6670.3,Phase-3,ACCT-62135,HIGH,synthetic_financial_records
TXN-00478,34,30,P034,P030,CASH_DEPOSIT,221793.07,Phase-1,ACCT-46473,HIGH,synthetic_financial_records
TXN-00479,51,25,P051,P025,CASH_DEPOSIT,67618.96,Phase-3,ACCT-15794,NORMAL,synthetic_financial_records
TXN-00480,3,85,P003,P085,TRANSFER,69627.98,Phase-2,ACCT-11785,WATCH,synthetic_financial_records
TXN-00481,72,10,P072,P010,CARD_PAYMENT,142834.26,Phase-1,ACCT-30073,HIGH,synthetic_financial_records
TXN-00482,85,72,P085,P072,UPI,126948.76,Phase-2,ACCT-45544,NORMAL,synthetic_financial_records
TXN-00483,84,18,P084,P018,CARD_PAYMENT,27501.88,Phase-1,ACCT-58972,WATCH,synthetic_financial_records
TXN-00484,59,97,P059,P097,UPI,209128.6,Phase-2,ACCT-18191,NORMAL,synthetic_financial_records
TXN-00485,49,85,P049,P085,CARD_PAYMENT,561.18,Phase-3,ACCT-18414,NORMAL,synthetic_financial_records
TXN-00486,12,40,P012,P040,CASH_DEPOSIT,31412.96,Phase-3,ACCT-88975,NORMAL,synthetic_financial_records
TXN-00487,105,72,P105,P072,CARD_PAYMENT,139909.59,Phase-3,ACCT-34823,HIGH,synthetic_financial_records
TXN-00488,18,93,P018,P093,TRANSFER,17503.42,Phase-3,ACCT-86762,HIGH,synthetic_financial_records
TXN-00489,105,45,P105,P045,TRANSFER,130238.85,Phase-3,ACCT-81820,HIGH,synthetic_financial_records
TXN-00490,42,17,P042,P017,CASH_WITHDRAWAL,13560.74,Phase-2,ACCT-45126,WATCH,synthetic_financial_records
TXN-00491,16,61,P016,P061,CASH_WITHDRAWAL,27091.4,Phase-3,ACCT-14195,HIGH,synthetic_financial_records
TXN-00492,18,25,P018,P025,CASH_DEPOSIT,147723.78,Phase-1,ACCT-72489,WATCH,synthetic_financial_records
TXN-00493,78,70,P078,P070,CARD_PAYMENT,106957.48,Phase-1,ACCT-43009,NORMAL,synthetic_financial_records
TXN-00494,56,1,P056,P001,UPI,229594.61,Phase-3,ACCT-79404,HIGH,synthetic_financial_records
TXN-00495,36,37,P036,P037,UPI,141317.85,Phase-3,ACCT-76242,HIGH,synthetic_financial_records
TXN-00496,39,6,P039,P006,CARD_PAYMENT,77369.47,Phase-3,ACCT-64695,WATCH,synthetic_financial_records
TXN-00497,105,39,P105,P039,CASH_DEPOSIT,66670.38,Phase-2,ACCT-17369,WATCH,synthetic_financial_records
TXN-00498,50,38,P050,P038,CASH_WITHDRAWAL,96099.57,Phase-2,ACCT-90684,NORMAL,synthetic_financial_records
TXN-00499,15,46,P015,P046,CASH_DEPOSIT,12141.07,Phase-2,ACCT-47259,HIGH,synthetic_financial_records
TXN-00500,11,78,P011,P078,CASH_WITHDRAWAL,84275.54,Phase-2,ACCT-86536,NORMAL,synthetic_financial_records
