person_id,actor_id,person_name,phone_number,case_id,source,source_record_id
P001,1,Aarav Sharma1,9786579303,CASE-1001,persons_synthetic,1
P002,2,Arjun Mehta2,9219540831,CASE-1002,persons_synthetic,2
P003,3,Rohan Verma3,9126855092,CASE-1003,persons_synthetic,3
P004,4,Vikram Singh4,9896233790,CASE-1004,persons_synthetic,4
P005,5,Rahul Patel5,9395310485,CASE-1005,persons_synthetic,5
P006,6,Aditya Rao6,9362950628,CASE-1006,persons_synthetic,6
P007,7,Karan Gupta7,9339670711,CASE-1007,persons_synthetic,7
P008,8,Manish Kumar8,9249827706,CASE-1008,persons_synthetic,8
P009,9,Sahil Khan9,9890779946,CASE-1009,persons_synthetic,9
P010,10,Nikhil Joshi10,9210053353,CASE-1010,persons_synthetic,10
P011,11,Amit Shah11,9826600539,CASE-1011,persons_synthetic,11
P012,12,Raj Malhotra12,9895285932,CASE-1012,persons_synthetic,12
P013,13,Aarav Sharma13,9685582861,CASE-1013,persons_synthetic,13
P014,14,Arjun Mehta14,9193349856,CASE-1014,persons_synthetic,14
P015,15,Rohan Verma15,9734036506,CASE-1015,persons_synthetic,15
P016,16,Vikram Singh16,9553035110,CASE-1016,persons_synthetic,16
P017,17,Rahul Patel17,9134126396,CASE-1017,persons_synthetic,17
P018,18,Aditya Rao18,9131994523,CASE-1018,persons_synthetic,18
P019,19,Karan Gupta19,9200604502,CASE-1019,persons_synthetic,19
P020,20,Manish Kumar20,9334760738,CASE-1020,persons_synthetic,20
P021,21,Sahil Khan21,9349817734,CASE-1021,persons_synthetic,21
P022,22,Nikhil Joshi22,9642621108,CASE-1022,persons_synthetic,22
P023,23,Amit Shah23,9746412689,CASE-1023,persons_synthetic,23
P024,24,Raj Malhotra24,9128492780,CASE-1024,persons_synthetic,24
P025,25,Aarav Sharma25,9702632297,CASE-1025,persons_synthetic,25
P026,26,Arjun Mehta26,9313500298,CASE-1026,persons_synthetic,26
P027,27,Rohan Verma27,9868820204,CASE-1027,persons_synthetic,27
P028,28,Vikram Singh28,9797808098,CASE-1028,persons_synthetic,28
P029,29,Rahul Patel29,9853041955,CASE-1029,persons_synthetic,29
P030,30,Aditya Rao30,9685126461,CASE-1030,persons_synthetic,30
P031,31,Karan Gupta31,9550455977,CASE-1031,persons_synthetic,31
P032,32,Manish Kumar32,9336696312,CASE-1032,persons_synthetic,32
P033,33,Sahil Khan33,9582334538,CASE-1033,persons_synthetic,33
P034,34,Nikhil Joshi34,9732719211,CASE-1034,persons_synthetic,34
P035,35,Amit Shah35,9398704996,CASE-1035,persons_synthetic,35
P036,36,Raj Malhotra36,9969119330,CASE-1036,persons_synthetic,36
P037,37,Aarav Sharma37,9106977991,CASE-1037,persons_synthetic,37
P038,38,Arjun Mehta38,9914763202,CASE-1038,persons_synthetic,38
P039,39,Rohan Verma39,9965241839,CASE-1039,persons_synthetic,39
P040,40,Vikram Singh40,9271432881,CASE-1040,persons_synthetic,40
P041,41,Rahul Patel41,9849621470,CASE-1041,persons_synthetic,41
P042,42,Aditya Rao42,9553778756,CASE-1042,persons_synthetic,42
P043,43,Karan Gupta43,9465341213,CASE-1043,persons_synthetic,43
P044,44,Manish Kumar44,9398362082,CASE-1044,persons_synthetic,44
P045,45,Sahil Khan45,9266944844,CASE-1045,persons_synthetic,45
P046,46,Nikhil Joshi46,9331191390,CASE-1046,persons_synthetic,46
P047,47,Amit Shah47,9919795579,CASE-1047,persons_synthetic,47
P048,48,Raj Malhotra48,9461415646,CASE-1048,persons_synthetic,48
P049,49,Aarav Sharma49,9209747451,CASE-1049,persons_synthetic,49
P050,50,Arjun Mehta50,9199585092,CASE-1050,persons_synthetic,50
P051,51,Rohan Verma51,9507943839,CASE-1051,persons_synthetic,51
P052,52,Vikram Singh52,9203848421,CASE-1052,persons_synthetic,52
P053,53,Rahul Patel53,9485451171,CASE-1053,persons_synthetic,53
P054,54,Aditya Rao54,9469319644,CASE-1054,persons_synthetic,54
P055,55,Karan Gupta55,9748245888,CASE-1055,persons_synthetic,55
P056,56,Manish Kumar56,9384027113,CASE-1056,persons_synthetic,56
P058,58,Sahil Khan57,9966647391,CASE-1058,persons_synthetic,58
P059,59,Nikhil Joshi58,9146654552,CASE-1059,persons_synthetic,59
P061,61,Amit Shah59,9883543540,CASE-1061,persons_synthetic,61
P062,62,Raj Malhotra60,9593303705,CASE-1062,persons_synthetic,62
P063,63,Aarav Sharma61,9675770529,CASE-1063,persons_synthetic,63
P064,64,Arjun Mehta62,9234031070,CASE-1064,persons_synthetic,64
P065,65,Rohan Verma63,9506448196,CASE-1065,persons_synthetic,65
P066,66,Vikram Singh64,9184611066,CASE-1066,persons_synthetic,66
P067,67,Rahul Patel65,9692749116,CASE-1067,persons_synthetic,67
P068,68,Aditya Rao66,9414797776,CASE-1068,persons_synthetic,68
P069,69,Karan Gupta67,9990566476,CASE-1069,persons_synthetic,69
P070,70,Manish Kumar68,9774996843,CASE-1070,persons_synthetic,70
P071,71,Sahil Khan69,9764130526,CASE-1071,persons_synthetic,71
P072,72,Nikhil Joshi70,9488302652,CASE-1072,persons_synthetic,72
P073,73,Amit Shah71,9719927151,CASE-1073,persons_synthetic,73
P074,74,Raj Malhotra72,9306468299,CASE-1074,persons_synthetic,74
P075,75,Aarav Sharma73,9856528252,CASE-1075,persons_synthetic,75
P076,76,Arjun Mehta74,9174684276,CASE-1076,persons_synthetic,76
P077,77,Rohan Verma75,9149203558,CASE-1077,persons_synthetic,77
P078,78,Vikram Singh76,9810026086,CASE-1078,persons_synthetic,78
P079,79,Rahul Patel77,9344703907,CASE-1079,persons_synthetic,79
P080,80,Aditya Rao78,9930075810,CASE-1080,persons_synthetic,80
P081,81,Karan Gupta79,9410727955,CASE-1081,persons_synthetic,81
P082,82,Manish Kumar80,9185675980,CASE-1082,persons_synthetic,82
P083,83,Sahil Khan81,9349957310,CASE-1083,persons_synthetic,83
P084,84,Nikhil Joshi82,9208449460,CASE-1084,persons_synthetic,84
P085,85,Amit Shah83,9508157429,CASE-1085,persons_synthetic,85
P086,86,Raj Malhotra84,9398471886,CASE-1086,persons_synthetic,86
P087,87,Aarav Sharma85,9586845604,CASE-1087,persons_synthetic,87
P088,88,Arjun Mehta86,9782560971,CASE-1088,persons_synthetic,88
P089,89,Rohan Verma87,9995619255,CASE-1089,persons_synthetic,89
P090,90,Vikram Singh88,9491735568,CASE-1090,persons_synthetic,90
P091,91,Rahul Patel89,9274648506,CASE-1091,persons_synthetic,91
P092,92,Aditya Rao90,9497478786,CASE-1092,persons_synthetic,92
P093,93,Karan Gupta91,9481469012,CASE-1093,persons_synthetic,93
P094,94,Manish Kumar92,9324956459,CASE-1094,persons_synthetic,94
P095,95,Sahil Khan93,9819595113,CASE-1095,persons_synthetic,95
P096,96,Nikhil Joshi94,9386665249,CASE-1096,persons_synthetic,96
P097,97,Amit Shah95,9853573823,CASE-1097,persons_synthetic,97
P098,98,Raj Malhotra96,9833953718,CASE-1098,persons_synthetic,98
P099,99,Aarav Sharma97,9795822698,CASE-1099,persons_synthetic,99
P100,100,Arjun Mehta98,9176667861,CASE-1100,persons_synthetic,100
P101,101,Rohan Verma99,9754049436,CASE-1101,persons_synthetic,101
P102,102,Vikram Singh100,9781802744,CASE-1102,persons_synthetic,102
P103,103,Rahul Patel101,9283758720,CASE-1103,persons_synthetic,103
P104,104,Aditya Rao102,9673528321,CASE-1104,persons_synthetic,104
P105,105,Karan Gupta103,9882893941,CASE-1105,persons_synthetic,105
P106,106,Manish Kumar104,9362863730,CASE-1106,persons_synthetic,106
P107,107,Sahil Khan105,9275452091,CASE-1107,persons_synthetic,107
P108,108,Nikhil Joshi106,9596348124,CASE-1108,persons_synthetic,108
P109,109,Amit Shah107,9507437181,CASE-1109,persons_synthetic,109
