call_id,caller,receiver,phase,timestamp,duration_seconds,recording_id
CALL-0001,89,1,1,Phase-1,684,REC-0001
CALL-0002,83,1,1,Phase-1,144,REC-0002
CALL-0003,3,1,1,Phase-1,55,REC-0003
CALL-0004,3,1,1,Phase-1,789,REC-0004
CALL-0005,88,1,1,Phase-1,311,REC-0005
CALL-0006,85,1,1,Phase-1,280,REC-0006
CALL-0007,1,4,1,Phase-1,258,REC-0007
CALL-0008,1,89,1,Phase-1,172,REC-0008
CALL-0009,1,89,1,Phase-1,784,REC-0009
CALL-0010,1,89,1,Phase-1,134,REC-0010
CALL-0011,1,89,1,Phase-1,722,REC-0011
CALL-0012,7,89,1,Phase-1,788,REC-0012
CALL-0013,7,89,1,Phase-1,588,REC-0013
CALL-0014,1,3,1,Phase-1,119,REC-0014
CALL-0015,1,3,1,Phase-1,634,REC-0015
CALL-0016,1,3,1,Phase-1,462,REC-0016
CALL-0017,1,3,1,Phase-1,62,REC-0017
CALL-0018,88,3,1,Phase-1,60,REC-0018
CALL-0019,1,5,1,Phase-1,125,REC-0019
CALL-0020,1,5,1,Phase-1,253,REC-0020
CALL-0021,1,88,1,Phase-1,268,REC-0021
CALL-0022,1,88,1,Phase-1,547,REC-0022
CALL-0023,3,88,1,Phase-1,646,REC-0023
CALL-0024,85,88,1,Phase-1,57,REC-0024
CALL-0025,85,88,1,Phase-1,604,REC-0025
CALL-0026,6,88,1,Phase-1,233,REC-0026
CALL-0027,1,85,1,Phase-1,763,REC-0027
CALL-0028,1,85,1,Phase-1,695,REC-0028
CALL-0029,1,85,1,Phase-1,748,REC-0029
CALL-0030,1,85,1,Phase-1,588,REC-0030
CALL-0031,1,85,1,Phase-1,459,REC-0031
CALL-0032,88,85,1,Phase-1,255,REC-0032
CALL-0033,88,85,1,Phase-1,489,REC-0033
CALL-0034,88,85,1,Phase-1,633,REC-0034
CALL-0035,1,90,1,Phase-1,314,REC-0035
CALL-0036,1,2,1,Phase-1,858,REC-0036
CALL-0037,1,2,1,Phase-1,36,REC-0037
CALL-0038,89,7,1,Phase-1,807,REC-0038
CALL-0039,89,7,1,Phase-1,855,REC-0039
CALL-0040,89,7,1,Phase-1,193,REC-0040
CALL-0041,1,54,1,Phase-1,744,REC-0041
CALL-0042,1,54,1,Phase-1,462,REC-0042
CALL-0043,83,6,1,Phase-1,378,REC-0043
CALL-0044,83,6,1,Phase-1,314,REC-0044
CALL-0045,83,6,1,Phase-1,189,REC-0045
CALL-0046,83,6,1,Phase-1,250,REC-0046
CALL-0047,83,6,1,Phase-1,811,REC-0047
CALL-0048,88,6,1,Phase-1,374,REC-0048
CALL-0049,85,6,1,Phase-1,134,REC-0049
CALL-0050,85,6,1,Phase-1,124,REC-0050
CALL-0051,85,6,1,Phase-1,419,REC-0051
CALL-0052,85,6,1,Phase-1,129,REC-0052
CALL-0053,85,6,1,Phase-1,397,REC-0053
CALL-0054,1,64,1,Phase-1,897,REC-0054
CALL-0055,1,8,1,Phase-1,382,REC-0055
CALL-0056,88,1,2,Phase-2,648,REC-0056
CALL-0057,86,1,2,Phase-2,300,REC-0057
CALL-0058,2,1,2,Phase-2,856,REC-0058
CALL-0059,2,1,2,Phase-2,74,REC-0059
CALL-0060,2,1,2,Phase-2,777,REC-0060
CALL-0061,2,1,2,Phase-2,500,REC-0061
CALL-0062,2,1,2,Phase-2,579,REC-0062
CALL-0063,8,1,2,Phase-2,157,REC-0063
CALL-0064,8,1,2,Phase-2,417,REC-0064
CALL-0065,8,1,2,Phase-2,110,REC-0065
CALL-0066,8,1,2,Phase-2,595,REC-0066
CALL-0067,8,1,2,Phase-2,330,REC-0067
CALL-0068,55,1,2,Phase-2,879,REC-0068
CALL-0069,47,1,2,Phase-2,673,REC-0069
CALL-0070,98,1,2,Phase-2,663,REC-0070
CALL-0071,12,1,2,Phase-2,400,REC-0071
CALL-0072,12,1,2,Phase-2,621,REC-0072
CALL-0073,1,89,2,Phase-2,226,REC-0073
CALL-0074,1,89,2,Phase-2,751,REC-0074
CALL-0075,1,89,2,Phase-2,101,REC-0075
CALL-0076,1,89,2,Phase-2,76,REC-0076
CALL-0077,1,89,2,Phase-2,707,REC-0077
CALL-0078,7,89,2,Phase-2,263,REC-0078
CALL-0079,1,83,2,Phase-2,821,REC-0079
CALL-0080,1,83,2,Phase-2,326,REC-0080
CALL-0081,1,83,2,Phase-2,111,REC-0081
CALL-0082,1,83,2,Phase-2,268,REC-0082
CALL-0083,1,83,2,Phase-2,133,REC-0083
CALL-0084,6,83,2,Phase-2,419,REC-0084
CALL-0085,1,3,2,Phase-2,314,REC-0085
CALL-0086,1,3,2,Phase-2,494,REC-0086
CALL-0087,1,3,2,Phase-2,680,REC-0087
CALL-0088,1,3,2,Phase-2,884,REC-0088
CALL-0089,1,3,2,Phase-2,403,REC-0089
CALL-0090,1,5,2,Phase-2,196,REC-0090
CALL-0091,1,5,2,Phase-2,409,REC-0091
CALL-0092,1,5,2,Phase-2,393,REC-0092
CALL-0093,1,5,2,Phase-2,244,REC-0093
CALL-0094,1,5,2,Phase-2,716,REC-0094
CALL-0095,1,88,2,Phase-2,303,REC-0095
CALL-0096,85,88,2,Phase-2,748,REC-0096
CALL-0097,1,90,2,Phase-2,729,REC-0097
CALL-0098,1,90,2,Phase-2,693,REC-0098
CALL-0099,1,90,2,Phase-2,103,REC-0099
CALL-0100,1,2,2,Phase-2,653,REC-0100
CALL-0101,1,2,2,Phase-2,680,REC-0101
CALL-0102,1,2,2,Phase-2,205,REC-0102
CALL-0103,1,2,2,Phase-2,576,REC-0103
CALL-0104,1,2,2,Phase-2,776,REC-0104
CALL-0105,89,7,2,Phase-2,280,REC-0105
CALL-0106,1,64,2,Phase-2,197,REC-0106
CALL-0107,1,64,2,Phase-2,503,REC-0107
CALL-0108,1,64,2,Phase-2,418,REC-0108
CALL-0109,8,64,2,Phase-2,306,REC-0109
CALL-0110,8,64,2,Phase-2,685,REC-0110
CALL-0111,1,8,2,Phase-2,734,REC-0111
CALL-0112,1,8,2,Phase-2,600,REC-0112
CALL-0113,1,8,2,Phase-2,254,REC-0113
CALL-0114,1,8,2,Phase-2,731,REC-0114
CALL-0115,1,8,2,Phase-2,362,REC-0115
CALL-0116,3,8,2,Phase-2,893,REC-0116
CALL-0117,1,55,2,Phase-2,816,REC-0117
CALL-0118,1,55,2,Phase-2,824,REC-0118
CALL-0119,1,55,2,Phase-2,87,REC-0119
CALL-0120,1,55,2,Phase-2,264,REC-0120
CALL-0121,1,10,2,Phase-2,871,REC-0121
CALL-0122,1,10,2,Phase-2,62,REC-0122
CALL-0123,1,10,2,Phase-2,854,REC-0123
CALL-0124,3,10,2,Phase-2,353,REC-0124
CALL-0125,1,56,2,Phase-2,440,REC-0125
CALL-0126,1,97,2,Phase-2,304,REC-0126
CALL-0127,1,97,2,Phase-2,97,REC-0127
CALL-0128,1,47,2,Phase-2,246,REC-0128
CALL-0129,1,98,2,Phase-2,610,REC-0129
CALL-0130,1,76,2,Phase-2,765,REC-0130
CALL-0131,1,76,2,Phase-2,352,REC-0131
CALL-0132,1,76,2,Phase-2,247,REC-0132
CALL-0133,1,76,2,Phase-2,701,REC-0133
CALL-0134,85,76,2,Phase-2,541,REC-0134
CALL-0135,1,9,2,Phase-2,435,REC-0135
CALL-0136,1,9,2,Phase-2,688,REC-0136
CALL-0137,1,9,2,Phase-2,499,REC-0137
CALL-0138,1,9,2,Phase-2,176,REC-0138
CALL-0139,1,9,2,Phase-2,301,REC-0139
CALL-0140,89,11,2,Phase-2,172,REC-0140
CALL-0141,88,11,2,Phase-2,282,REC-0141
CALL-0142,83,1,3,Phase-3,792,REC-0142
CALL-0143,83,1,3,Phase-3,604,REC-0143
CALL-0144,83,1,3,Phase-3,581,REC-0144
CALL-0145,83,1,3,Phase-3,299,REC-0145
CALL-0146,3,1,3,Phase-3,794,REC-0146
CALL-0147,86,1,3,Phase-3,628,REC-0147
CALL-0148,86,1,3,Phase-3,468,REC-0148
CALL-0149,86,1,3,Phase-3,627,REC-0149
CALL-0150,6,1,3,Phase-3,438,REC-0150
CALL-0151,6,1,3,Phase-3,400,REC-0151
CALL-0152,6,1,3,Phase-3,254,REC-0152
CALL-0153,76,1,3,Phase-3,171,REC-0153
CALL-0154,9,1,3,Phase-3,551,REC-0154
CALL-0155,11,1,3,Phase-3,535,REC-0155
CALL-0156,11,1,3,Phase-3,123,REC-0156
CALL-0157,11,1,3,Phase-3,803,REC-0157
CALL-0158,11,1,3,Phase-3,78,REC-0158
CALL-0159,11,1,3,Phase-3,142,REC-0159
CALL-0160,84,1,3,Phase-3,186,REC-0160
CALL-0161,84,1,3,Phase-3,672,REC-0161
CALL-0162,84,1,3,Phase-3,193,REC-0162
CALL-0163,84,1,3,Phase-3,841,REC-0163
CALL-0164,49,1,3,Phase-3,726,REC-0164
CALL-0165,49,1,3,Phase-3,462,REC-0165
CALL-0166,50,1,3,Phase-3,640,REC-0166
CALL-0167,1,89,3,Phase-3,95,REC-0167
CALL-0168,1,89,3,Phase-3,424,REC-0168
CALL-0169,1,89,3,Phase-3,420,REC-0169
CALL-0170,1,89,3,Phase-3,640,REC-0170
CALL-0171,1,89,3,Phase-3,509,REC-0171
CALL-0172,1,83,3,Phase-3,571,REC-0172
CALL-0173,1,83,3,Phase-3,287,REC-0173
CALL-0174,1,83,3,Phase-3,596,REC-0174
CALL-0175,1,83,3,Phase-3,41,REC-0175
CALL-0176,1,83,3,Phase-3,726,REC-0176
CALL-0177,86,83,3,Phase-3,768,REC-0177
CALL-0178,86,83,3,Phase-3,147,REC-0178
CALL-0179,49,83,3,Phase-3,728,REC-0179
CALL-0180,49,83,3,Phase-3,579,REC-0180
CALL-0181,49,83,3,Phase-3,798,REC-0181
CALL-0182,1,3,3,Phase-3,303,REC-0182
CALL-0183,1,3,3,Phase-3,817,REC-0183
CALL-0184,1,3,3,Phase-3,686,REC-0184
CALL-0185,1,3,3,Phase-3,378,REC-0185
CALL-0186,1,3,3,Phase-3,144,REC-0186
CALL-0187,86,3,3,Phase-3,330,REC-0187
CALL-0188,6,3,3,Phase-3,475,REC-0188
CALL-0189,11,3,3,Phase-3,191,REC-0189
CALL-0190,49,3,3,Phase-3,494,REC-0190
CALL-0191,99,3,3,Phase-3,33,REC-0191
CALL-0192,1,5,3,Phase-3,769,REC-0192
CALL-0193,1,5,3,Phase-3,766,REC-0193
CALL-0194,1,5,3,Phase-3,299,REC-0194
CALL-0195,1,5,3,Phase-3,542,REC-0195
CALL-0196,1,5,3,Phase-3,810,REC-0196
CALL-0197,4,5,3,Phase-3,212,REC-0197
CALL-0198,1,48,3,Phase-3,549,REC-0198
CALL-0199,1,48,3,Phase-3,138,REC-0199
CALL-0200,1,85,3,Phase-3,670,REC-0200
CALL-0201,1,85,3,Phase-3,335,REC-0201
CALL-0202,1,85,3,Phase-3,891,REC-0202
CALL-0203,1,85,3,Phase-3,684,REC-0203
CALL-0204,1,85,3,Phase-3,549,REC-0204
CALL-0205,3,85,3,Phase-3,653,REC-0205
CALL-0206,3,85,3,Phase-3,233,REC-0206
CALL-0207,3,85,3,Phase-3,186,REC-0207
CALL-0208,3,85,3,Phase-3,412,REC-0208
CALL-0209,88,85,3,Phase-3,810,REC-0209
CALL-0210,88,85,3,Phase-3,195,REC-0210
CALL-0211,88,85,3,Phase-3,582,REC-0211
CALL-0212,76,85,3,Phase-3,827,REC-0212
CALL-0213,76,85,3,Phase-3,573,REC-0213
CALL-0214,1,90,3,Phase-3,30,REC-0214
CALL-0215,1,90,3,Phase-3,643,REC-0215
CALL-0216,49,90,3,Phase-3,361,REC-0216
CALL-0217,1,86,3,Phase-3,530,REC-0217
CALL-0218,1,86,3,Phase-3,49,REC-0218
CALL-0219,1,86,3,Phase-3,144,REC-0219
CALL-0220,1,86,3,Phase-3,401,REC-0220
CALL-0221,1,86,3,Phase-3,881,REC-0221
CALL-0222,83,86,3,Phase-3,856,REC-0222
CALL-0223,83,86,3,Phase-3,344,REC-0223
CALL-0224,83,86,3,Phase-3,275,REC-0224
CALL-0225,83,86,3,Phase-3,89,REC-0225
CALL-0226,83,86,3,Phase-3,276,REC-0226
CALL-0227,3,86,3,Phase-3,610,REC-0227
CALL-0228,3,86,3,Phase-3,110,REC-0228
CALL-0229,3,86,3,Phase-3,117,REC-0229
CALL-0230,1,2,3,Phase-3,779,REC-0230
CALL-0231,1,2,3,Phase-3,527,REC-0231
CALL-0232,1,2,3,Phase-3,865,REC-0232
CALL-0233,1,2,3,Phase-3,100,REC-0233
CALL-0234,1,2,3,Phase-3,808,REC-0234
CALL-0235,1,7,3,Phase-3,575,REC-0235
CALL-0236,89,7,3,Phase-3,814,REC-0236
CALL-0237,1,6,3,Phase-3,158,REC-0237
CALL-0238,1,6,3,Phase-3,161,REC-0238
CALL-0239,1,6,3,Phase-3,705,REC-0239
CALL-0240,1,6,3,Phase-3,516,REC-0240
CALL-0241,83,6,3,Phase-3,592,REC-0241
CALL-0242,83,6,3,Phase-3,199,REC-0242
CALL-0243,88,6,3,Phase-3,301,REC-0243
CALL-0244,1,8,3,Phase-3,570,REC-0244
CALL-0245,1,8,3,Phase-3,651,REC-0245
CALL-0246,1,8,3,Phase-3,463,REC-0246
CALL-0247,9,8,3,Phase-3,246,REC-0247
CALL-0248,1,55,3,Phase-3,582,REC-0248
CALL-0249,1,55,3,Phase-3,803,REC-0249
CALL-0250,1,55,3,Phase-3,777,REC-0250
CALL-0251,1,10,3,Phase-3,736,REC-0251
CALL-0252,1,10,3,Phase-3,235,REC-0252
CALL-0253,1,10,3,Phase-3,760,REC-0253
CALL-0254,1,56,3,Phase-3,349,REC-0254
CALL-0255,1,56,3,Phase-3,438,REC-0255
CALL-0256,1,76,3,Phase-3,717,REC-0256
CALL-0257,1,76,3,Phase-3,695,REC-0257
CALL-0258,1,76,3,Phase-3,412,REC-0258
CALL-0259,1,76,3,Phase-3,478,REC-0259
CALL-0260,1,76,3,Phase-3,559,REC-0260
CALL-0261,1,9,3,Phase-3,492,REC-0261
CALL-0262,1,9,3,Phase-3,153,REC-0262
CALL-0263,1,9,3,Phase-3,283,REC-0263
CALL-0264,1,9,3,Phase-3,260,REC-0264
CALL-0265,1,9,3,Phase-3,95,REC-0265
CALL-0266,3,9,3,Phase-3,376,REC-0266
CALL-0267,3,9,3,Phase-3,51,REC-0267
CALL-0268,3,9,3,Phase-3,632,REC-0268
CALL-0269,3,9,3,Phase-3,597,REC-0269
CALL-0270,3,9,3,Phase-3,265,REC-0270
CALL-0271,13,9,3,Phase-3,632,REC-0271
CALL-0272,13,9,3,Phase-3,255,REC-0272
CALL-0273,51,9,3,Phase-3,37,REC-0273
CALL-0274,1,34,3,Phase-3,102,REC-0274
CALL-0275,1,34,3,Phase-3,754,REC-0275
CALL-0276,1,34,3,Phase-3,676,REC-0276
CALL-0277,2,34,3,Phase-3,90,REC-0277
CALL-0278,1,35,3,Phase-3,264,REC-0278
CALL-0279,83,11,3,Phase-3,99,REC-0279
CALL-0280,1,32,3,Phase-3,62,REC-0280
CALL-0281,2,32,3,Phase-3,368,REC-0281
CALL-0282,1,84,3,Phase-3,102,REC-0282
CALL-0283,1,84,3,Phase-3,556,REC-0283
CALL-0284,1,84,3,Phase-3,273,REC-0284
CALL-0285,1,84,3,Phase-3,315,REC-0285
CALL-0286,83,84,3,Phase-3,715,REC-0286
CALL-0287,83,84,3,Phase-3,527,REC-0287
CALL-0288,83,84,3,Phase-3,249,REC-0288
CALL-0289,49,84,3,Phase-3,582,REC-0289
CALL-0290,49,84,3,Phase-3,165,REC-0290
CALL-0291,1,49,3,Phase-3,770,REC-0291
CALL-0292,1,49,3,Phase-3,614,REC-0292
CALL-0293,1,49,3,Phase-3,620,REC-0293
CALL-0294,83,107,3,Phase-3,514,REC-0294
CALL-0295,83,107,3,Phase-3,278,REC-0295
CALL-0296,83,107,3,Phase-3,833,REC-0296
CALL-0297,86,107,3,Phase-3,514,REC-0297
CALL-0298,1,50,3,Phase-3,856,REC-0298
CALL-0299,1,50,3,Phase-3,446,REC-0299
CALL-0300,1,50,3,Phase-3,224,REC-0300
CALL-0301,3,99,3,Phase-3,126,REC-0301
CALL-0302,1,13,3,Phase-3,129,REC-0302
CALL-0303,1,13,3,Phase-3,704,REC-0303
CALL-0304,1,12,3,Phase-3,471,REC-0304
CALL-0305,1,12,3,Phase-3,392,REC-0305
CALL-0306,3,12,3,Phase-3,463,REC-0306
CALL-0307,3,12,3,Phase-3,450,REC-0307
CALL-0308,1,52,3,Phase-3,508,REC-0308
CALL-0309,83,52,3,Phase-3,776,REC-0309
CALL-0310,83,52,3,Phase-3,85,REC-0310
CALL-0311,84,52,3,Phase-3,719,REC-0311
CALL-0312,84,52,3,Phase-3,699,REC-0312
CALL-0313,89,1,4,Phase-4,691,REC-0313
CALL-0314,3,1,4,Phase-4,130,REC-0314
CALL-0315,3,1,4,Phase-4,92,REC-0315
CALL-0316,3,1,4,Phase-4,442,REC-0316
CALL-0317,3,1,4,Phase-4,775,REC-0317
CALL-0318,3,1,4,Phase-4,377,REC-0318
CALL-0319,5,1,4,Phase-4,849,REC-0319
CALL-0320,5,1,4,Phase-4,141,REC-0320
CALL-0321,5,1,4,Phase-4,284,REC-0321
CALL-0322,85,1,4,Phase-4,226,REC-0322
CALL-0323,85,1,4,Phase-4,224,REC-0323
CALL-0324,85,1,4,Phase-4,579,REC-0324
CALL-0325,85,1,4,Phase-4,489,REC-0325
CALL-0326,85,1,4,Phase-4,173,REC-0326
CALL-0327,90,1,4,Phase-4,462,REC-0327
CALL-0328,86,1,4,Phase-4,217,REC-0328
CALL-0329,86,1,4,Phase-4,315,REC-0329
CALL-0330,86,1,4,Phase-4,503,REC-0330
CALL-0331,2,1,4,Phase-4,285,REC-0331
CALL-0332,2,1,4,Phase-4,107,REC-0332
CALL-0333,2,1,4,Phase-4,483,REC-0333
CALL-0334,6,1,4,Phase-4,857,REC-0334
CALL-0335,6,1,4,Phase-4,593,REC-0335
CALL-0336,6,1,4,Phase-4,130,REC-0336
CALL-0337,6,1,4,Phase-4,81,REC-0337
CALL-0338,6,1,4,Phase-4,697,REC-0338
CALL-0339,11,1,4,Phase-4,583,REC-0339
CALL-0340,11,1,4,Phase-4,886,REC-0340
CALL-0341,11,1,4,Phase-4,45,REC-0341
CALL-0342,11,1,4,Phase-4,125,REC-0342
CALL-0343,11,1,4,Phase-4,801,REC-0343
CALL-0344,53,1,4,Phase-4,899,REC-0344
CALL-0345,84,1,4,Phase-4,272,REC-0345
CALL-0346,1,4,4,Phase-4,200,REC-0346
CALL-0347,1,89,4,Phase-4,446,REC-0347
CALL-0348,1,89,4,Phase-4,527,REC-0348
CALL-0349,1,89,4,Phase-4,522,REC-0349
CALL-0350,1,89,4,Phase-4,248,REC-0350
CALL-0351,1,89,4,Phase-4,440,REC-0351
CALL-0352,7,89,4,Phase-4,90,REC-0352
CALL-0353,7,89,4,Phase-4,198,REC-0353
CALL-0354,7,89,4,Phase-4,418,REC-0354
CALL-0355,1,83,4,Phase-4,32,REC-0355
CALL-0356,1,83,4,Phase-4,429,REC-0356
CALL-0357,1,83,4,Phase-4,301,REC-0357
CALL-0358,1,83,4,Phase-4,832,REC-0358
CALL-0359,1,83,4,Phase-4,833,REC-0359
CALL-0360,86,83,4,Phase-4,495,REC-0360
CALL-0361,86,83,4,Phase-4,322,REC-0361
CALL-0362,86,83,4,Phase-4,463,REC-0362
CALL-0363,86,83,4,Phase-4,743,REC-0363
CALL-0364,86,83,4,Phase-4,778,REC-0364
CALL-0365,84,83,4,Phase-4,832,REC-0365
CALL-0366,52,83,4,Phase-4,599,REC-0366
CALL-0367,52,83,4,Phase-4,707,REC-0367
CALL-0368,52,83,4,Phase-4,765,REC-0368
CALL-0369,52,83,4,Phase-4,528,REC-0369
CALL-0370,1,3,4,Phase-4,188,REC-0370
CALL-0371,1,3,4,Phase-4,224,REC-0371
CALL-0372,1,3,4,Phase-4,333,REC-0372
CALL-0373,1,3,4,Phase-4,252,REC-0373
CALL-0374,1,3,4,Phase-4,89,REC-0374
CALL-0375,85,3,4,Phase-4,623,REC-0375
CALL-0376,85,3,4,Phase-4,783,REC-0376
CALL-0377,90,3,4,Phase-4,585,REC-0377
CALL-0378,12,3,4,Phase-4,92,REC-0378
CALL-0379,1,5,4,Phase-4,795,REC-0379
CALL-0380,1,5,4,Phase-4,351,REC-0380
CALL-0381,1,5,4,Phase-4,88,REC-0381
CALL-0382,1,5,4,Phase-4,81,REC-0382
CALL-0383,1,5,4,Phase-4,628,REC-0383
CALL-0384,1,88,4,Phase-4,518,REC-0384
CALL-0385,1,88,4,Phase-4,544,REC-0385
CALL-0386,1,88,4,Phase-4,573,REC-0386
CALL-0387,1,88,4,Phase-4,191,REC-0387
CALL-0388,1,88,4,Phase-4,88,REC-0388
CALL-0389,85,88,4,Phase-4,550,REC-0389
CALL-0390,85,88,4,Phase-4,112,REC-0390
CALL-0391,85,88,4,Phase-4,220,REC-0391
CALL-0392,85,88,4,Phase-4,100,REC-0392
CALL-0393,85,88,4,Phase-4,639,REC-0393
CALL-0394,1,85,4,Phase-4,99,REC-0394
CALL-0395,1,85,4,Phase-4,721,REC-0395
CALL-0396,1,85,4,Phase-4,270,REC-0396
CALL-0397,1,85,4,Phase-4,443,REC-0397
CALL-0398,1,85,4,Phase-4,152,REC-0398
CALL-0399,83,85,4,Phase-4,613,REC-0399
CALL-0400,3,85,4,Phase-4,282,REC-0400
CALL-0401,3,85,4,Phase-4,622,REC-0401
CALL-0402,3,85,4,Phase-4,638,REC-0402
CALL-0403,88,85,4,Phase-4,70,REC-0403
CALL-0404,88,85,4,Phase-4,664,REC-0404
CALL-0405,76,85,4,Phase-4,113,REC-0405
CALL-0406,76,85,4,Phase-4,459,REC-0406
CALL-0407,76,85,4,Phase-4,703,REC-0407
CALL-0408,76,85,4,Phase-4,627,REC-0408
CALL-0409,76,85,4,Phase-4,608,REC-0409
CALL-0410,1,90,4,Phase-4,565,REC-0410
CALL-0411,1,86,4,Phase-4,353,REC-0411
CALL-0412,1,86,4,Phase-4,297,REC-0412
CALL-0413,1,86,4,Phase-4,239,REC-0413
CALL-0414,83,86,4,Phase-4,715,REC-0414
CALL-0415,83,86,4,Phase-4,763,REC-0415
CALL-0416,83,86,4,Phase-4,351,REC-0416
CALL-0417,83,86,4,Phase-4,274,REC-0417
CALL-0418,83,86,4,Phase-4,301,REC-0418
CALL-0419,1,2,4,Phase-4,435,REC-0419
CALL-0420,1,2,4,Phase-4,164,REC-0420
CALL-0421,1,2,4,Phase-4,717,REC-0421
CALL-0422,1,2,4,Phase-4,690,REC-0422
CALL-0423,1,2,4,Phase-4,337,REC-0423
CALL-0424,89,7,4,Phase-4,498,REC-0424
CALL-0425,89,7,4,Phase-4,353,REC-0425
CALL-0426,1,6,4,Phase-4,799,REC-0426
CALL-0427,1,6,4,Phase-4,104,REC-0427
CALL-0428,1,6,4,Phase-4,39,REC-0428
CALL-0429,1,6,4,Phase-4,499,REC-0429
CALL-0430,1,6,4,Phase-4,666,REC-0430
CALL-0431,1,8,4,Phase-4,606,REC-0431
CALL-0432,1,8,4,Phase-4,132,REC-0432
CALL-0433,1,8,4,Phase-4,105,REC-0433
CALL-0434,1,8,4,Phase-4,580,REC-0434
CALL-0435,1,8,4,Phase-4,248,REC-0435
CALL-0436,3,8,4,Phase-4,548,REC-0436
CALL-0437,1,47,4,Phase-4,301,REC-0437
CALL-0438,1,76,4,Phase-4,165,REC-0438
CALL-0439,1,76,4,Phase-4,387,REC-0439
CALL-0440,1,76,4,Phase-4,100,REC-0440
CALL-0441,1,76,4,Phase-4,280,REC-0441
CALL-0442,1,76,4,Phase-4,408,REC-0442
CALL-0443,85,76,4,Phase-4,321,REC-0443
CALL-0444,85,76,4,Phase-4,191,REC-0444
CALL-0445,85,76,4,Phase-4,478,REC-0445
CALL-0446,1,9,4,Phase-4,883,REC-0446
CALL-0447,1,9,4,Phase-4,586,REC-0447
CALL-0448,1,9,4,Phase-4,750,REC-0448
CALL-0449,1,9,4,Phase-4,339,REC-0449
CALL-0450,1,9,4,Phase-4,656,REC-0450
CALL-0451,3,9,4,Phase-4,856,REC-0451
CALL-0452,3,9,4,Phase-4,699,REC-0452
CALL-0453,3,9,4,Phase-4,571,REC-0453
CALL-0454,3,9,4,Phase-4,38,REC-0454
CALL-0455,3,9,4,Phase-4,713,REC-0455
CALL-0456,8,9,4,Phase-4,866,REC-0456
CALL-0457,8,9,4,Phase-4,597,REC-0457
CALL-0458,8,9,4,Phase-4,336,REC-0458
CALL-0459,8,9,4,Phase-4,709,REC-0459
CALL-0460,31,9,4,Phase-4,136,REC-0460
CALL-0461,8,35,4,Phase-4,167,REC-0461
CALL-0462,1,11,4,Phase-4,300,REC-0462
CALL-0463,1,11,4,Phase-4,148,REC-0463
CALL-0464,1,11,4,Phase-4,139,REC-0464
CALL-0465,83,84,4,Phase-4,790,REC-0465
CALL-0466,1,49,4,Phase-4,596,REC-0466
CALL-0467,89,49,4,Phase-4,189,REC-0467
CALL-0468,83,107,4,Phase-4,308,REC-0468
CALL-0469,86,107,4,Phase-4,318,REC-0469
CALL-0470,86,107,4,Phase-4,649,REC-0470
CALL-0471,1,13,4,Phase-4,245,REC-0471
CALL-0472,1,13,4,Phase-4,764,REC-0472
CALL-0473,1,13,4,Phase-4,381,REC-0473
CALL-0474,1,13,4,Phase-4,238,REC-0474
CALL-0475,1,13,4,Phase-4,733,REC-0475
CALL-0476,13,51,4,Phase-4,679,REC-0476
CALL-0477,107,63,4,Phase-4,300,REC-0477
CALL-0478,107,63,4,Phase-4,547,REC-0478
CALL-0479,107,63,4,Phase-4,530,REC-0479
CALL-0480,107,63,4,Phase-4,287,REC-0480
CALL-0481,107,63,4,Phase-4,896,REC-0481
CALL-0482,89,109,4,Phase-4,82,REC-0482
CALL-0483,89,109,4,Phase-4,124,REC-0483
CALL-0484,89,31,4,Phase-4,679,REC-0484
CALL-0485,3,31,4,Phase-4,463,REC-0485
CALL-0486,3,31,4,Phase-4,879,REC-0486
CALL-0487,3,31,4,Phase-4,313,REC-0487
CALL-0488,3,31,4,Phase-4,75,REC-0488
CALL-0489,3,31,4,Phase-4,33,REC-0489
CALL-0490,3,12,4,Phase-4,371,REC-0490
CALL-0491,3,12,4,Phase-4,819,REC-0491
CALL-0492,89,14,4,Phase-4,163,REC-0492
CALL-0493,1,52,4,Phase-4,682,REC-0493
CALL-0494,1,52,4,Phase-4,298,REC-0494
CALL-0495,83,52,4,Phase-4,195,REC-0495
CALL-0496,83,52,4,Phase-4,789,REC-0496
CALL-0497,1,106,4,Phase-4,482,REC-0497
CALL-0498,83,106,4,Phase-4,594,REC-0498
CALL-0499,1,15,4,Phase-4,752,REC-0499
CALL-0500,1,15,4,Phase-4,467,REC-0500
CALL-0501,1,15,4,Phase-4,604,REC-0501
CALL-0502,1,15,4,Phase-4,39,REC-0502
CALL-0503,1,15,4,Phase-4,144,REC-0503
CALL-0504,3,1,5,Phase-5,107,REC-0504
CALL-0505,2,1,5,Phase-5,737,REC-0505
CALL-0506,6,1,5,Phase-5,182,REC-0506
CALL-0507,6,1,5,Phase-5,588,REC-0507
CALL-0508,6,1,5,Phase-5,66,REC-0508
CALL-0509,6,1,5,Phase-5,884,REC-0509
CALL-0510,6,1,5,Phase-5,408,REC-0510
CALL-0511,76,1,5,Phase-5,626,REC-0511
CALL-0512,76,1,5,Phase-5,595,REC-0512
CALL-0513,11,1,5,Phase-5,181,REC-0513
CALL-0514,11,1,5,Phase-5,470,REC-0514
CALL-0515,11,1,5,Phase-5,160,REC-0515
CALL-0516,11,1,5,Phase-5,72,REC-0516
CALL-0517,11,1,5,Phase-5,345,REC-0517
CALL-0518,84,1,5,Phase-5,403,REC-0518
CALL-0519,84,1,5,Phase-5,845,REC-0519
CALL-0520,31,1,5,Phase-5,70,REC-0520
CALL-0521,31,1,5,Phase-5,396,REC-0521
CALL-0522,31,1,5,Phase-5,245,REC-0522
CALL-0523,108,1,5,Phase-5,728,REC-0523
CALL-0524,108,1,5,Phase-5,285,REC-0524
CALL-0525,108,1,5,Phase-5,712,REC-0525
CALL-0526,108,1,5,Phase-5,135,REC-0526
CALL-0527,100,1,5,Phase-5,392,REC-0527
CALL-0528,82,1,5,Phase-5,828,REC-0528
CALL-0529,19,1,5,Phase-5,603,REC-0529
CALL-0530,1,4,5,Phase-5,446,REC-0530
CALL-0531,1,4,5,Phase-5,665,REC-0531
CALL-0532,1,4,5,Phase-5,797,REC-0532
CALL-0533,1,89,5,Phase-5,188,REC-0533
CALL-0534,1,89,5,Phase-5,272,REC-0534
CALL-0535,7,89,5,Phase-5,196,REC-0535
CALL-0536,76,89,5,Phase-5,849,REC-0536
CALL-0537,1,83,5,Phase-5,860,REC-0537
CALL-0538,1,83,5,Phase-5,211,REC-0538
CALL-0539,86,83,5,Phase-5,452,REC-0539
CALL-0540,86,83,5,Phase-5,55,REC-0540
CALL-0541,1,3,5,Phase-5,213,REC-0541
CALL-0542,1,3,5,Phase-5,784,REC-0542
CALL-0543,1,3,5,Phase-5,370,REC-0543
CALL-0544,1,3,5,Phase-5,831,REC-0544
CALL-0545,1,3,5,Phase-5,451,REC-0545
CALL-0546,85,3,5,Phase-5,851,REC-0546
CALL-0547,12,3,5,Phase-5,715,REC-0547
CALL-0548,1,5,5,Phase-5,782,REC-0548
CALL-0549,1,5,5,Phase-5,860,REC-0549
CALL-0550,1,5,5,Phase-5,284,REC-0550
CALL-0551,8,5,5,Phase-5,303,REC-0551
CALL-0552,85,88,5,Phase-5,193,REC-0552
CALL-0553,85,88,5,Phase-5,836,REC-0553
CALL-0554,1,85,5,Phase-5,748,REC-0554
CALL-0555,1,85,5,Phase-5,140,REC-0555
CALL-0556,1,85,5,Phase-5,421,REC-0556
CALL-0557,1,85,5,Phase-5,69,REC-0557
CALL-0558,1,85,5,Phase-5,511,REC-0558
CALL-0559,88,85,5,Phase-5,257,REC-0559
CALL-0560,83,86,5,Phase-5,234,REC-0560
CALL-0561,83,86,5,Phase-5,866,REC-0561
CALL-0562,1,2,5,Phase-5,501,REC-0562
CALL-0563,1,2,5,Phase-5,388,REC-0563
CALL-0564,1,2,5,Phase-5,342,REC-0564
CALL-0565,1,6,5,Phase-5,870,REC-0565
CALL-0566,1,6,5,Phase-5,844,REC-0566
CALL-0567,1,6,5,Phase-5,263,REC-0567
CALL-0568,108,6,5,Phase-5,258,REC-0568
CALL-0569,1,8,5,Phase-5,54,REC-0569
CALL-0570,1,55,5,Phase-5,705,REC-0570
CALL-0571,1,55,5,Phase-5,227,REC-0571
CALL-0572,1,55,5,Phase-5,438,REC-0572
CALL-0573,1,47,5,Phase-5,366,REC-0573
CALL-0574,1,76,5,Phase-5,315,REC-0574
CALL-0575,1,76,5,Phase-5,101,REC-0575
CALL-0576,1,76,5,Phase-5,821,REC-0576
CALL-0577,1,76,5,Phase-5,315,REC-0577
CALL-0578,1,76,5,Phase-5,389,REC-0578
CALL-0579,3,9,5,Phase-5,686,REC-0579
CALL-0580,3,9,5,Phase-5,551,REC-0580
CALL-0581,12,9,5,Phase-5,439,REC-0581
CALL-0582,12,9,5,Phase-5,725,REC-0582
CALL-0583,1,34,5,Phase-5,893,REC-0583
CALL-0584,31,13,5,Phase-5,579,REC-0584
CALL-0585,1,31,5,Phase-5,369,REC-0585
CALL-0586,3,31,5,Phase-5,58,REC-0586
CALL-0587,3,31,5,Phase-5,148,REC-0587
CALL-0588,3,31,5,Phase-5,297,REC-0588
CALL-0589,3,31,5,Phase-5,212,REC-0589
CALL-0590,12,31,5,Phase-5,624,REC-0590
CALL-0591,12,31,5,Phase-5,301,REC-0591
CALL-0592,12,31,5,Phase-5,69,REC-0592
CALL-0593,1,12,5,Phase-5,141,REC-0593
CALL-0594,1,12,5,Phase-5,640,REC-0594
CALL-0595,3,12,5,Phase-5,474,REC-0595
CALL-0596,3,12,5,Phase-5,383,REC-0596
CALL-0597,3,12,5,Phase-5,776,REC-0597
CALL-0598,3,12,5,Phase-5,835,REC-0598
CALL-0599,32,12,5,Phase-5,351,REC-0599
CALL-0600,18,12,5,Phase-5,476,REC-0600
CALL-0601,18,12,5,Phase-5,650,REC-0601
CALL-0602,18,12,5,Phase-5,553,REC-0602
CALL-0603,17,12,5,Phase-5,148,REC-0603
CALL-0604,17,12,5,Phase-5,424,REC-0604
CALL-0605,12,18,5,Phase-5,620,REC-0605
CALL-0606,12,25,5,Phase-5,224,REC-0606
CALL-0607,1,82,5,Phase-5,290,REC-0607
CALL-0608,1,19,5,Phase-5,75,REC-0608
CALL-0609,1,15,5,Phase-5,755,REC-0609
CALL-0610,1,15,5,Phase-5,476,REC-0610
CALL-0611,83,1,6,Phase-6,31,REC-0611
CALL-0612,3,1,6,Phase-6,562,REC-0612
CALL-0613,3,1,6,Phase-6,855,REC-0613
CALL-0614,3,1,6,Phase-6,581,REC-0614
CALL-0615,3,1,6,Phase-6,733,REC-0615
CALL-0616,3,1,6,Phase-6,766,REC-0616
CALL-0617,5,1,6,Phase-6,789,REC-0617
CALL-0618,5,1,6,Phase-6,784,REC-0618
CALL-0619,5,1,6,Phase-6,716,REC-0619
CALL-0620,5,1,6,Phase-6,231,REC-0620
CALL-0621,5,1,6,Phase-6,402,REC-0621
CALL-0622,85,1,6,Phase-6,471,REC-0622
CALL-0623,85,1,6,Phase-6,101,REC-0623
CALL-0624,2,1,6,Phase-6,710,REC-0624
CALL-0625,2,1,6,Phase-6,368,REC-0625
CALL-0626,2,1,6,Phase-6,668,REC-0626
CALL-0627,2,1,6,Phase-6,351,REC-0627
CALL-0628,2,1,6,Phase-6,709,REC-0628
CALL-0629,6,1,6,Phase-6,898,REC-0629
CALL-0630,6,1,6,Phase-6,157,REC-0630
CALL-0631,6,1,6,Phase-6,767,REC-0631
CALL-0632,6,1,6,Phase-6,337,REC-0632
CALL-0633,6,1,6,Phase-6,549,REC-0633
CALL-0634,8,1,6,Phase-6,346,REC-0634
CALL-0635,8,1,6,Phase-6,712,REC-0635
CALL-0636,76,1,6,Phase-6,448,REC-0636
CALL-0637,76,1,6,Phase-6,364,REC-0637
CALL-0638,76,1,6,Phase-6,442,REC-0638
CALL-0639,76,1,6,Phase-6,743,REC-0639
CALL-0640,76,1,6,Phase-6,332,REC-0640
CALL-0641,11,1,6,Phase-6,597,REC-0641
CALL-0642,11,1,6,Phase-6,160,REC-0642
CALL-0643,11,1,6,Phase-6,226,REC-0643
CALL-0644,11,1,6,Phase-6,460,REC-0644
CALL-0645,11,1,6,Phase-6,710,REC-0645
CALL-0646,84,1,6,Phase-6,418,REC-0646
CALL-0647,84,1,6,Phase-6,723,REC-0647
CALL-0648,12,1,6,Phase-6,796,REC-0648
CALL-0649,12,1,6,Phase-6,208,REC-0649
CALL-0650,82,1,6,Phase-6,660,REC-0650
CALL-0651,19,1,6,Phase-6,612,REC-0651
CALL-0652,19,1,6,Phase-6,338,REC-0652
CALL-0653,19,1,6,Phase-6,445,REC-0653
CALL-0654,19,1,6,Phase-6,591,REC-0654
CALL-0655,19,1,6,Phase-6,883,REC-0655
CALL-0656,77,1,6,Phase-6,30,REC-0656
CALL-0657,77,1,6,Phase-6,341,REC-0657
CALL-0658,87,1,6,Phase-6,323,REC-0658
CALL-0659,87,1,6,Phase-6,245,REC-0659
CALL-0660,87,1,6,Phase-6,470,REC-0660
CALL-0661,20,1,6,Phase-6,834,REC-0661
CALL-0662,20,1,6,Phase-6,623,REC-0662
CALL-0663,20,1,6,Phase-6,651,REC-0663
CALL-0664,20,1,6,Phase-6,700,REC-0664
CALL-0665,20,1,6,Phase-6,359,REC-0665
CALL-0666,15,1,6,Phase-6,506,REC-0666
CALL-0667,1,4,6,Phase-6,482,REC-0667
CALL-0668,1,83,6,Phase-6,482,REC-0668
CALL-0669,1,83,6,Phase-6,721,REC-0669
CALL-0670,1,83,6,Phase-6,248,REC-0670
CALL-0671,1,83,6,Phase-6,553,REC-0671
CALL-0672,1,83,6,Phase-6,514,REC-0672
CALL-0673,3,83,6,Phase-6,842,REC-0673
CALL-0674,1,3,6,Phase-6,845,REC-0674
CALL-0675,1,3,6,Phase-6,783,REC-0675
CALL-0676,1,3,6,Phase-6,203,REC-0676
CALL-0677,1,3,6,Phase-6,704,REC-0677
CALL-0678,1,3,6,Phase-6,116,REC-0678
CALL-0679,5,3,6,Phase-6,320,REC-0679
CALL-0680,5,3,6,Phase-6,557,REC-0680
CALL-0681,5,3,6,Phase-6,709,REC-0681
CALL-0682,2,3,6,Phase-6,678,REC-0682
CALL-0683,2,3,6,Phase-6,664,REC-0683
CALL-0684,76,3,6,Phase-6,373,REC-0684
CALL-0685,76,3,6,Phase-6,125,REC-0685
CALL-0686,76,3,6,Phase-6,868,REC-0686
CALL-0687,76,3,6,Phase-6,799,REC-0687
CALL-0688,12,3,6,Phase-6,270,REC-0688
CALL-0689,12,3,6,Phase-6,718,REC-0689
CALL-0690,12,3,6,Phase-6,347,REC-0690
CALL-0691,12,3,6,Phase-6,260,REC-0691
CALL-0692,12,3,6,Phase-6,855,REC-0692
CALL-0693,19,3,6,Phase-6,233,REC-0693
CALL-0694,77,3,6,Phase-6,180,REC-0694
CALL-0695,77,3,6,Phase-6,55,REC-0695
CALL-0696,87,3,6,Phase-6,77,REC-0696
CALL-0697,15,3,6,Phase-6,280,REC-0697
CALL-0698,1,5,6,Phase-6,516,REC-0698
CALL-0699,1,5,6,Phase-6,655,REC-0699
CALL-0700,1,5,6,Phase-6,900,REC-0700
CALL-0701,1,5,6,Phase-6,816,REC-0701
CALL-0702,1,5,6,Phase-6,104,REC-0702
CALL-0703,1,85,6,Phase-6,496,REC-0703
CALL-0704,1,85,6,Phase-6,454,REC-0704
CALL-0705,1,85,6,Phase-6,674,REC-0705
CALL-0706,1,85,6,Phase-6,619,REC-0706
CALL-0707,1,85,6,Phase-6,229,REC-0707
CALL-0708,3,85,6,Phase-6,765,REC-0708
CALL-0709,84,85,6,Phase-6,743,REC-0709
CALL-0710,1,2,6,Phase-6,423,REC-0710
CALL-0711,1,2,6,Phase-6,536,REC-0711
CALL-0712,1,2,6,Phase-6,439,REC-0712
CALL-0713,1,2,6,Phase-6,279,REC-0713
CALL-0714,1,2,6,Phase-6,181,REC-0714
CALL-0715,1,8,6,Phase-6,701,REC-0715
CALL-0716,1,8,6,Phase-6,734,REC-0716
CALL-0717,1,8,6,Phase-6,35,REC-0717
CALL-0718,1,8,6,Phase-6,798,REC-0718
CALL-0719,1,8,6,Phase-6,818,REC-0719
CALL-0720,3,8,6,Phase-6,139,REC-0720
CALL-0721,3,8,6,Phase-6,827,REC-0721
CALL-0722,5,8,6,Phase-6,465,REC-0722
CALL-0723,5,8,6,Phase-6,254,REC-0723
CALL-0724,85,8,6,Phase-6,210,REC-0724
CALL-0725,1,76,6,Phase-6,853,REC-0725
CALL-0726,1,76,6,Phase-6,742,REC-0726
CALL-0727,1,76,6,Phase-6,560,REC-0727
CALL-0728,1,76,6,Phase-6,505,REC-0728
CALL-0729,1,76,6,Phase-6,81,REC-0729
CALL-0730,3,76,6,Phase-6,600,REC-0730
CALL-0731,3,76,6,Phase-6,285,REC-0731
CALL-0732,3,76,6,Phase-6,898,REC-0732
CALL-0733,3,76,6,Phase-6,154,REC-0733
CALL-0734,3,76,6,Phase-6,497,REC-0734
CALL-0735,85,76,6,Phase-6,166,REC-0735
CALL-0736,12,76,6,Phase-6,850,REC-0736
CALL-0737,12,76,6,Phase-6,505,REC-0737
CALL-0738,12,76,6,Phase-6,713,REC-0738
CALL-0739,12,76,6,Phase-6,573,REC-0739
CALL-0740,12,76,6,Phase-6,602,REC-0740
CALL-0741,78,76,6,Phase-6,639,REC-0741
CALL-0742,78,76,6,Phase-6,354,REC-0742
CALL-0743,78,76,6,Phase-6,803,REC-0743
CALL-0744,78,76,6,Phase-6,483,REC-0744
CALL-0745,78,76,6,Phase-6,657,REC-0745
CALL-0746,15,76,6,Phase-6,864,REC-0746
CALL-0747,15,76,6,Phase-6,766,REC-0747
CALL-0748,3,9,6,Phase-6,546,REC-0748
CALL-0749,3,9,6,Phase-6,466,REC-0749
CALL-0750,3,9,6,Phase-6,880,REC-0750
CALL-0751,12,9,6,Phase-6,591,REC-0751
CALL-0752,12,13,6,Phase-6,486,REC-0752
CALL-0753,12,13,6,Phase-6,192,REC-0753
CALL-0754,12,13,6,Phase-6,791,REC-0754
CALL-0755,12,31,6,Phase-6,516,REC-0755
CALL-0756,1,12,6,Phase-6,490,REC-0756
CALL-0757,1,12,6,Phase-6,295,REC-0757
CALL-0758,3,12,6,Phase-6,799,REC-0758
CALL-0759,3,12,6,Phase-6,283,REC-0759
CALL-0760,3,12,6,Phase-6,890,REC-0760
CALL-0761,3,12,6,Phase-6,682,REC-0761
CALL-0762,3,12,6,Phase-6,313,REC-0762
CALL-0763,13,12,6,Phase-6,814,REC-0763
CALL-0764,13,12,6,Phase-6,826,REC-0764
CALL-0765,14,12,6,Phase-6,563,REC-0765
CALL-0766,18,12,6,Phase-6,526,REC-0766
CALL-0767,18,12,6,Phase-6,671,REC-0767
CALL-0768,18,12,6,Phase-6,274,REC-0768
CALL-0769,18,12,6,Phase-6,311,REC-0769
CALL-0770,18,12,6,Phase-6,480,REC-0770
CALL-0771,17,12,6,Phase-6,109,REC-0771
CALL-0772,17,12,6,Phase-6,760,REC-0772
CALL-0773,17,12,6,Phase-6,322,REC-0773
CALL-0774,17,12,6,Phase-6,270,REC-0774
CALL-0775,17,12,6,Phase-6,308,REC-0775
CALL-0776,25,12,6,Phase-6,373,REC-0776
CALL-0777,3,14,6,Phase-6,357,REC-0777
CALL-0778,12,14,6,Phase-6,583,REC-0778
CALL-0779,12,14,6,Phase-6,112,REC-0779
CALL-0780,12,14,6,Phase-6,171,REC-0780
CALL-0781,12,14,6,Phase-6,184,REC-0781
CALL-0782,12,18,6,Phase-6,266,REC-0782
CALL-0783,12,18,6,Phase-6,422,REC-0783
CALL-0784,12,18,6,Phase-6,740,REC-0784
CALL-0785,12,18,6,Phase-6,186,REC-0785
CALL-0786,12,18,6,Phase-6,753,REC-0786
CALL-0787,12,17,6,Phase-6,249,REC-0787
CALL-0788,12,17,6,Phase-6,95,REC-0788
CALL-0789,12,17,6,Phase-6,454,REC-0789
CALL-0790,12,17,6,Phase-6,447,REC-0790
CALL-0791,12,17,6,Phase-6,368,REC-0791
CALL-0792,12,25,6,Phase-6,585,REC-0792
CALL-0793,12,25,6,Phase-6,507,REC-0793
CALL-0794,12,25,6,Phase-6,455,REC-0794
CALL-0795,1,82,6,Phase-6,93,REC-0795
CALL-0796,1,19,6,Phase-6,241,REC-0796
CALL-0797,1,19,6,Phase-6,882,REC-0797
CALL-0798,1,19,6,Phase-6,460,REC-0798
CALL-0799,1,19,6,Phase-6,428,REC-0799
CALL-0800,1,19,6,Phase-6,818,REC-0800
CALL-0801,76,19,6,Phase-6,628,REC-0801
CALL-0802,76,78,6,Phase-6,742,REC-0802
CALL-0803,76,78,6,Phase-6,50,REC-0803
CALL-0804,76,78,6,Phase-6,813,REC-0804
CALL-0805,1,77,6,Phase-6,619,REC-0805
CALL-0806,1,77,6,Phase-6,419,REC-0806
CALL-0807,3,77,6,Phase-6,518,REC-0807
CALL-0808,11,20,6,Phase-6,36,REC-0808
CALL-0809,11,20,6,Phase-6,390,REC-0809
CALL-0810,11,20,6,Phase-6,335,REC-0810
CALL-0811,11,20,6,Phase-6,801,REC-0811
CALL-0812,11,20,6,Phase-6,429,REC-0812
CALL-0813,1,15,6,Phase-6,885,REC-0813
CALL-0814,1,15,6,Phase-6,459,REC-0814
CALL-0815,3,1,7,Phase-7,581,REC-0815
CALL-0816,3,1,7,Phase-7,795,REC-0816
CALL-0817,3,1,7,Phase-7,782,REC-0817
CALL-0818,3,1,7,Phase-7,589,REC-0818
CALL-0819,3,1,7,Phase-7,849,REC-0819
CALL-0820,85,1,7,Phase-7,647,REC-0820
CALL-0821,85,1,7,Phase-7,255,REC-0821
CALL-0822,85,1,7,Phase-7,529,REC-0822
CALL-0823,85,1,7,Phase-7,254,REC-0823
CALL-0824,2,1,7,Phase-7,309,REC-0824
CALL-0825,2,1,7,Phase-7,476,REC-0825
CALL-0826,2,1,7,Phase-7,527,REC-0826
CALL-0827,2,1,7,Phase-7,59,REC-0827
CALL-0828,2,1,7,Phase-7,428,REC-0828
CALL-0829,6,1,7,Phase-7,374,REC-0829
CALL-0830,6,1,7,Phase-7,714,REC-0830
CALL-0831,6,1,7,Phase-7,725,REC-0831
CALL-0832,6,1,7,Phase-7,847,REC-0832
CALL-0833,55,1,7,Phase-7,444,REC-0833
CALL-0834,76,1,7,Phase-7,771,REC-0834
CALL-0835,76,1,7,Phase-7,199,REC-0835
CALL-0836,76,1,7,Phase-7,890,REC-0836
CALL-0837,76,1,7,Phase-7,508,REC-0837
CALL-0838,34,1,7,Phase-7,160,REC-0838
CALL-0839,11,1,7,Phase-7,667,REC-0839
CALL-0840,11,1,7,Phase-7,576,REC-0840
CALL-0841,11,1,7,Phase-7,57,REC-0841
CALL-0842,11,1,7,Phase-7,433,REC-0842
CALL-0843,11,1,7,Phase-7,636,REC-0843
CALL-0844,19,1,7,Phase-7,607,REC-0844
CALL-0845,19,1,7,Phase-7,708,REC-0845
CALL-0846,19,1,7,Phase-7,57,REC-0846
CALL-0847,19,1,7,Phase-7,115,REC-0847
CALL-0848,19,1,7,Phase-7,688,REC-0848
CALL-0849,77,1,7,Phase-7,468,REC-0849
CALL-0850,77,1,7,Phase-7,168,REC-0850
CALL-0851,77,1,7,Phase-7,502,REC-0851
CALL-0852,77,1,7,Phase-7,216,REC-0852
CALL-0853,77,1,7,Phase-7,81,REC-0853
CALL-0854,87,1,7,Phase-7,296,REC-0854
CALL-0855,87,1,7,Phase-7,418,REC-0855
CALL-0856,87,1,7,Phase-7,365,REC-0856
CALL-0857,87,1,7,Phase-7,246,REC-0857
CALL-0858,87,1,7,Phase-7,495,REC-0858
CALL-0859,20,1,7,Phase-7,364,REC-0859
CALL-0860,20,1,7,Phase-7,375,REC-0860
CALL-0861,20,1,7,Phase-7,809,REC-0861
CALL-0862,20,1,7,Phase-7,418,REC-0862
CALL-0863,20,1,7,Phase-7,314,REC-0863
CALL-0864,69,1,7,Phase-7,800,REC-0864
CALL-0865,69,1,7,Phase-7,881,REC-0865
CALL-0866,69,1,7,Phase-7,461,REC-0866
CALL-0867,69,1,7,Phase-7,288,REC-0867
CALL-0868,69,1,7,Phase-7,884,REC-0868
CALL-0869,68,1,7,Phase-7,113,REC-0869
CALL-0870,68,1,7,Phase-7,511,REC-0870
CALL-0871,68,1,7,Phase-7,49,REC-0871
CALL-0872,68,1,7,Phase-7,797,REC-0872
CALL-0873,68,1,7,Phase-7,582,REC-0873
CALL-0874,15,1,7,Phase-7,83,REC-0874
CALL-0875,1,4,7,Phase-7,388,REC-0875
CALL-0876,1,83,7,Phase-7,259,REC-0876
CALL-0877,3,83,7,Phase-7,695,REC-0877
CALL-0878,3,83,7,Phase-7,100,REC-0878
CALL-0879,3,83,7,Phase-7,829,REC-0879
CALL-0880,3,83,7,Phase-7,697,REC-0880
CALL-0881,9,83,7,Phase-7,71,REC-0881
CALL-0882,9,83,7,Phase-7,802,REC-0882
CALL-0883,9,83,7,Phase-7,61,REC-0883
CALL-0884,9,83,7,Phase-7,283,REC-0884
CALL-0885,9,83,7,Phase-7,234,REC-0885
CALL-0886,1,3,7,Phase-7,889,REC-0886
CALL-0887,1,3,7,Phase-7,50,REC-0887
CALL-0888,1,3,7,Phase-7,666,REC-0888
CALL-0889,1,3,7,Phase-7,186,REC-0889
CALL-0890,1,3,7,Phase-7,274,REC-0890
CALL-0891,87,3,7,Phase-7,159,REC-0891
CALL-0892,87,3,7,Phase-7,514,REC-0892
CALL-0893,1,5,7,Phase-7,715,REC-0893
CALL-0894,1,5,7,Phase-7,147,REC-0894
CALL-0895,1,5,7,Phase-7,607,REC-0895
CALL-0896,3,88,7,Phase-7,253,REC-0896
CALL-0897,85,88,7,Phase-7,506,REC-0897
CALL-0898,1,85,7,Phase-7,746,REC-0898
CALL-0899,1,85,7,Phase-7,292,REC-0899
CALL-0900,3,85,7,Phase-7,815,REC-0900
CALL-0901,3,85,7,Phase-7,407,REC-0901
CALL-0902,3,85,7,Phase-7,201,REC-0902
CALL-0903,3,85,7,Phase-7,650,REC-0903
CALL-0904,74,85,7,Phase-7,651,REC-0904
CALL-0905,1,62,7,Phase-7,795,REC-0905
CALL-0906,1,9,7,Phase-7,765,REC-0906
CALL-0907,83,9,7,Phase-7,147,REC-0907
CALL-0908,3,9,7,Phase-7,826,REC-0908
CALL-0909,3,9,7,Phase-7,868,REC-0909
CALL-0910,3,9,7,Phase-7,197,REC-0910
CALL-0911,3,9,7,Phase-7,348,REC-0911
CALL-0912,3,9,7,Phase-7,140,REC-0912
CALL-0913,1,2,7,Phase-7,622,REC-0913
CALL-0914,1,2,7,Phase-7,56,REC-0914
CALL-0915,1,2,7,Phase-7,349,REC-0915
CALL-0916,1,2,7,Phase-7,619,REC-0916
CALL-0917,1,2,7,Phase-7,723,REC-0917
CALL-0918,3,2,7,Phase-7,414,REC-0918
CALL-0919,1,6,7,Phase-7,436,REC-0919
CALL-0920,1,6,7,Phase-7,762,REC-0920
CALL-0921,1,6,7,Phase-7,233,REC-0921
CALL-0922,1,6,7,Phase-7,107,REC-0922
CALL-0923,1,6,7,Phase-7,636,REC-0923
CALL-0924,1,8,7,Phase-7,737,REC-0924
CALL-0925,1,76,7,Phase-7,880,REC-0925
CALL-0926,1,76,7,Phase-7,672,REC-0926
CALL-0927,1,76,7,Phase-7,278,REC-0927
CALL-0928,1,76,7,Phase-7,134,REC-0928
CALL-0929,1,76,7,Phase-7,743,REC-0929
CALL-0930,19,76,7,Phase-7,821,REC-0930
CALL-0931,78,76,7,Phase-7,338,REC-0931
CALL-0932,78,76,7,Phase-7,900,REC-0932
CALL-0933,78,76,7,Phase-7,730,REC-0933
CALL-0934,78,76,7,Phase-7,644,REC-0934
CALL-0935,78,76,7,Phase-7,854,REC-0935
CALL-0936,1,11,7,Phase-7,153,REC-0936
CALL-0937,18,12,7,Phase-7,845,REC-0937
CALL-0938,18,12,7,Phase-7,609,REC-0938
CALL-0939,18,12,7,Phase-7,831,REC-0939
CALL-0940,18,12,7,Phase-7,72,REC-0940
CALL-0941,18,12,7,Phase-7,385,REC-0941
CALL-0942,17,12,7,Phase-7,575,REC-0942
CALL-0943,22,12,7,Phase-7,468,REC-0943
CALL-0944,16,12,7,Phase-7,707,REC-0944
CALL-0945,16,12,7,Phase-7,409,REC-0945
CALL-0946,16,12,7,Phase-7,100,REC-0946
CALL-0947,16,12,7,Phase-7,548,REC-0947
CALL-0948,75,12,7,Phase-7,693,REC-0948
CALL-0949,1,14,7,Phase-7,379,REC-0949
CALL-0950,1,14,7,Phase-7,42,REC-0950
CALL-0951,1,19,7,Phase-7,899,REC-0951
CALL-0952,1,19,7,Phase-7,460,REC-0952
CALL-0953,1,19,7,Phase-7,872,REC-0953
CALL-0954,1,19,7,Phase-7,531,REC-0954
CALL-0955,3,19,7,Phase-7,138,REC-0955
CALL-0956,76,19,7,Phase-7,473,REC-0956
CALL-0957,77,19,7,Phase-7,400,REC-0957
CALL-0958,76,78,7,Phase-7,680,REC-0958
CALL-0959,76,78,7,Phase-7,878,REC-0959
CALL-0960,76,78,7,Phase-7,500,REC-0960
CALL-0961,76,78,7,Phase-7,754,REC-0961
CALL-0962,76,78,7,Phase-7,186,REC-0962
CALL-0963,79,78,7,Phase-7,475,REC-0963
CALL-0964,79,78,7,Phase-7,210,REC-0964
CALL-0965,79,78,7,Phase-7,781,REC-0965
CALL-0966,1,77,7,Phase-7,564,REC-0966
CALL-0967,1,77,7,Phase-7,696,REC-0967
CALL-0968,1,77,7,Phase-7,306,REC-0968
CALL-0969,1,77,7,Phase-7,660,REC-0969
CALL-0970,1,77,7,Phase-7,857,REC-0970
CALL-0971,3,77,7,Phase-7,581,REC-0971
CALL-0972,3,77,7,Phase-7,823,REC-0972
CALL-0973,1,87,7,Phase-7,525,REC-0973
CALL-0974,1,87,7,Phase-7,506,REC-0974
CALL-0975,11,20,7,Phase-7,476,REC-0975
CALL-0976,11,20,7,Phase-7,875,REC-0976
CALL-0977,11,20,7,Phase-7,778,REC-0977
CALL-0978,11,20,7,Phase-7,636,REC-0978
CALL-0979,11,20,7,Phase-7,304,REC-0979
CALL-0980,12,22,7,Phase-7,360,REC-0980
CALL-0981,3,74,7,Phase-7,281,REC-0981
CALL-0982,3,74,7,Phase-7,880,REC-0982
CALL-0983,3,74,7,Phase-7,118,REC-0983
CALL-0984,76,79,7,Phase-7,315,REC-0984
CALL-0985,78,79,7,Phase-7,491,REC-0985
CALL-0986,76,61,7,Phase-7,279,REC-0986
CALL-0987,76,61,7,Phase-7,798,REC-0987
CALL-0988,1,28,7,Phase-7,505,REC-0988
CALL-0989,1,81,7,Phase-7,613,REC-0989
CALL-0990,87,81,7,Phase-7,654,REC-0990
CALL-0991,87,81,7,Phase-7,714,REC-0991
CALL-0992,4,1,8,Phase-8,418,REC-0992
CALL-0993,3,1,8,Phase-8,374,REC-0993
CALL-0994,3,1,8,Phase-8,59,REC-0994
CALL-0995,3,1,8,Phase-8,536,REC-0995
CALL-0996,3,1,8,Phase-8,362,REC-0996
CALL-0997,3,1,8,Phase-8,216,REC-0997
CALL-0998,85,1,8,Phase-8,529,REC-0998
CALL-0999,2,1,8,Phase-8,247,REC-0999
CALL-1000,2,1,8,Phase-8,393,REC-1000
CALL-1001,6,1,8,Phase-8,846,REC-1001
CALL-1002,76,1,8,Phase-8,294,REC-1002
CALL-1003,14,1,8,Phase-8,378,REC-1003
CALL-1004,19,1,8,Phase-8,316,REC-1004
CALL-1005,87,1,8,Phase-8,640,REC-1005
CALL-1006,87,1,8,Phase-8,748,REC-1006
CALL-1007,87,1,8,Phase-8,312,REC-1007
CALL-1008,87,1,8,Phase-8,599,REC-1008
CALL-1009,87,1,8,Phase-8,40,REC-1009
CALL-1010,28,1,8,Phase-8,559,REC-1010
CALL-1011,1,4,8,Phase-8,225,REC-1011
CALL-1012,1,4,8,Phase-8,117,REC-1012
CALL-1013,1,83,8,Phase-8,277,REC-1013
CALL-1014,1,83,8,Phase-8,767,REC-1014
CALL-1015,1,3,8,Phase-8,446,REC-1015
CALL-1016,1,3,8,Phase-8,530,REC-1016
CALL-1017,1,3,8,Phase-8,598,REC-1017
CALL-1018,1,3,8,Phase-8,806,REC-1018
CALL-1019,1,3,8,Phase-8,276,REC-1019
CALL-1020,85,3,8,Phase-8,737,REC-1020
CALL-1021,85,3,8,Phase-8,517,REC-1021
CALL-1022,85,3,8,Phase-8,691,REC-1022
CALL-1023,85,3,8,Phase-8,758,REC-1023
CALL-1024,85,3,8,Phase-8,532,REC-1024
CALL-1025,2,3,8,Phase-8,488,REC-1025
CALL-1026,76,3,8,Phase-8,841,REC-1026
CALL-1027,11,3,8,Phase-8,47,REC-1027
CALL-1028,14,3,8,Phase-8,125,REC-1028
CALL-1029,87,3,8,Phase-8,331,REC-1029
CALL-1030,22,3,8,Phase-8,256,REC-1030
CALL-1031,22,3,8,Phase-8,444,REC-1031
CALL-1032,22,3,8,Phase-8,738,REC-1032
CALL-1033,1,85,8,Phase-8,279,REC-1033
CALL-1034,1,85,8,Phase-8,343,REC-1034
CALL-1035,1,85,8,Phase-8,709,REC-1035
CALL-1036,1,85,8,Phase-8,625,REC-1036
CALL-1037,1,85,8,Phase-8,407,REC-1037
CALL-1038,3,85,8,Phase-8,514,REC-1038
CALL-1039,3,85,8,Phase-8,596,REC-1039
CALL-1040,3,85,8,Phase-8,573,REC-1040
CALL-1041,3,85,8,Phase-8,382,REC-1041
CALL-1042,3,86,8,Phase-8,465,REC-1042
CALL-1043,1,2,8,Phase-8,793,REC-1043
CALL-1044,1,2,8,Phase-8,593,REC-1044
CALL-1045,1,2,8,Phase-8,368,REC-1045
CALL-1046,1,2,8,Phase-8,390,REC-1046
CALL-1047,34,2,8,Phase-8,749,REC-1047
CALL-1048,1,8,8,Phase-8,494,REC-1048
CALL-1049,1,8,8,Phase-8,307,REC-1049
CALL-1050,3,8,8,Phase-8,343,REC-1050
CALL-1051,3,8,8,Phase-8,287,REC-1051
CALL-1052,3,8,8,Phase-8,266,REC-1052
CALL-1053,3,8,8,Phase-8,153,REC-1053
CALL-1054,3,8,8,Phase-8,768,REC-1054
CALL-1055,85,8,8,Phase-8,227,REC-1055
CALL-1056,1,76,8,Phase-8,353,REC-1056
CALL-1057,78,76,8,Phase-8,152,REC-1057
CALL-1058,1,9,8,Phase-8,790,REC-1058
CALL-1059,87,9,8,Phase-8,578,REC-1059
CALL-1060,3,34,8,Phase-8,810,REC-1060
CALL-1061,3,34,8,Phase-8,736,REC-1061
CALL-1062,2,34,8,Phase-8,219,REC-1062
CALL-1063,2,35,8,Phase-8,226,REC-1063
CALL-1064,1,11,8,Phase-8,251,REC-1064
CALL-1065,1,11,8,Phase-8,786,REC-1065
CALL-1066,1,11,8,Phase-8,525,REC-1066
CALL-1067,1,11,8,Phase-8,313,REC-1067
CALL-1068,1,11,8,Phase-8,771,REC-1068
CALL-1069,1,84,8,Phase-8,633,REC-1069
CALL-1070,12,13,8,Phase-8,808,REC-1070
CALL-1071,14,12,8,Phase-8,567,REC-1071
CALL-1072,18,12,8,Phase-8,641,REC-1072
CALL-1073,18,12,8,Phase-8,319,REC-1073
CALL-1074,18,12,8,Phase-8,132,REC-1074
CALL-1075,18,12,8,Phase-8,882,REC-1075
CALL-1076,18,12,8,Phase-8,228,REC-1076
CALL-1077,17,12,8,Phase-8,333,REC-1077
CALL-1078,17,12,8,Phase-8,262,REC-1078
CALL-1079,17,12,8,Phase-8,399,REC-1079
CALL-1080,17,12,8,Phase-8,213,REC-1080
CALL-1081,17,12,8,Phase-8,339,REC-1081
CALL-1082,25,12,8,Phase-8,44,REC-1082
CALL-1083,25,12,8,Phase-8,755,REC-1083
CALL-1084,25,12,8,Phase-8,576,REC-1084
CALL-1085,16,12,8,Phase-8,159,REC-1085
CALL-1086,16,12,8,Phase-8,310,REC-1086
CALL-1087,16,12,8,Phase-8,76,REC-1087
CALL-1088,16,12,8,Phase-8,85,REC-1088
CALL-1089,16,12,8,Phase-8,596,REC-1089
CALL-1090,23,12,8,Phase-8,329,REC-1090
CALL-1091,23,12,8,Phase-8,744,REC-1091
CALL-1092,23,12,8,Phase-8,159,REC-1092
CALL-1093,23,12,8,Phase-8,683,REC-1093
CALL-1094,23,12,8,Phase-8,800,REC-1094
CALL-1095,33,12,8,Phase-8,532,REC-1095
CALL-1096,80,12,8,Phase-8,135,REC-1096
CALL-1097,1,14,8,Phase-8,42,REC-1097
CALL-1098,3,14,8,Phase-8,617,REC-1098
CALL-1099,12,14,8,Phase-8,321,REC-1099
CALL-1100,12,14,8,Phase-8,510,REC-1100
CALL-1101,12,14,8,Phase-8,520,REC-1101
CALL-1102,12,14,8,Phase-8,481,REC-1102
CALL-1103,12,14,8,Phase-8,378,REC-1103
CALL-1104,1,82,8,Phase-8,218,REC-1104
CALL-1105,1,82,8,Phase-8,82,REC-1105
CALL-1106,1,82,8,Phase-8,288,REC-1106
CALL-1107,1,82,8,Phase-8,519,REC-1107
CALL-1108,1,82,8,Phase-8,146,REC-1108
CALL-1109,3,82,8,Phase-8,871,REC-1109
CALL-1110,1,19,8,Phase-8,96,REC-1110
CALL-1111,1,19,8,Phase-8,440,REC-1111
CALL-1112,1,19,8,Phase-8,533,REC-1112
CALL-1113,76,19,8,Phase-8,105,REC-1113
CALL-1114,76,19,8,Phase-8,620,REC-1114
CALL-1115,76,19,8,Phase-8,674,REC-1115
CALL-1116,1,77,8,Phase-8,732,REC-1116
CALL-1117,1,77,8,Phase-8,84,REC-1117
CALL-1118,1,77,8,Phase-8,185,REC-1118
CALL-1119,1,77,8,Phase-8,182,REC-1119
CALL-1120,1,77,8,Phase-8,860,REC-1120
CALL-1121,1,87,8,Phase-8,606,REC-1121
CALL-1122,1,87,8,Phase-8,341,REC-1122
CALL-1123,1,87,8,Phase-8,117,REC-1123
CALL-1124,1,87,8,Phase-8,284,REC-1124
CALL-1125,1,87,8,Phase-8,151,REC-1125
CALL-1126,3,87,8,Phase-8,601,REC-1126
CALL-1127,3,87,8,Phase-8,812,REC-1127
CALL-1128,3,87,8,Phase-8,456,REC-1128
CALL-1129,38,87,8,Phase-8,650,REC-1129
CALL-1130,37,87,8,Phase-8,640,REC-1130
CALL-1131,37,87,8,Phase-8,839,REC-1131
CALL-1132,1,20,8,Phase-8,663,REC-1132
CALL-1133,1,20,8,Phase-8,261,REC-1133
CALL-1134,1,20,8,Phase-8,824,REC-1134
CALL-1135,1,20,8,Phase-8,565,REC-1135
CALL-1136,1,20,8,Phase-8,419,REC-1136
CALL-1137,86,20,8,Phase-8,491,REC-1137
CALL-1138,12,22,8,Phase-8,483,REC-1138
CALL-1139,12,22,8,Phase-8,334,REC-1139
CALL-1140,12,22,8,Phase-8,632,REC-1140
CALL-1141,1,28,8,Phase-8,469,REC-1141
CALL-1142,1,28,8,Phase-8,342,REC-1142
CALL-1143,1,28,8,Phase-8,612,REC-1143
CALL-1144,1,81,8,Phase-8,665,REC-1144
CALL-1145,1,81,8,Phase-8,91,REC-1145
CALL-1146,87,81,8,Phase-8,654,REC-1146
CALL-1147,87,81,8,Phase-8,787,REC-1147
CALL-1148,87,81,8,Phase-8,131,REC-1148
CALL-1149,87,81,8,Phase-8,811,REC-1149
CALL-1150,1,67,8,Phase-8,242,REC-1150
CALL-1151,1,67,8,Phase-8,670,REC-1151
CALL-1152,1,67,8,Phase-8,246,REC-1152
CALL-1153,87,38,8,Phase-8,300,REC-1153
CALL-1154,76,73,8,Phase-8,706,REC-1154
CALL-1155,87,73,8,Phase-8,113,REC-1155
CALL-1156,87,39,8,Phase-8,190,REC-1156
CALL-1157,87,39,8,Phase-8,275,REC-1157
CALL-1158,87,39,8,Phase-8,207,REC-1158
CALL-1159,87,39,8,Phase-8,595,REC-1159
CALL-1160,87,39,8,Phase-8,106,REC-1160
CALL-1161,76,59,8,Phase-8,190,REC-1161
CALL-1162,76,59,8,Phase-8,32,REC-1162
CALL-1163,76,59,8,Phase-8,448,REC-1163
CALL-1164,3,37,8,Phase-8,491,REC-1164
CALL-1165,3,37,8,Phase-8,735,REC-1165
CALL-1166,3,37,8,Phase-8,638,REC-1166
CALL-1167,3,37,8,Phase-8,511,REC-1167
CALL-1168,3,37,8,Phase-8,328,REC-1168
CALL-1169,87,37,8,Phase-8,63,REC-1169
CALL-1170,87,37,8,Phase-8,267,REC-1170
CALL-1171,87,37,8,Phase-8,325,REC-1171
CALL-1172,87,37,8,Phase-8,753,REC-1172
CALL-1173,12,23,8,Phase-8,319,REC-1173
CALL-1174,87,91,8,Phase-8,749,REC-1174
CALL-1175,87,91,8,Phase-8,494,REC-1175
CALL-1176,87,91,8,Phase-8,102,REC-1176
CALL-1177,11,36,8,Phase-8,733,REC-1177
CALL-1178,11,36,8,Phase-8,269,REC-1178
CALL-1179,11,36,8,Phase-8,300,REC-1179
CALL-1180,3,1,9,Phase-9,836,REC-1180
CALL-1181,85,1,9,Phase-9,840,REC-1181
CALL-1182,85,1,9,Phase-9,670,REC-1182
CALL-1183,85,1,9,Phase-9,633,REC-1183
CALL-1184,85,1,9,Phase-9,707,REC-1184
CALL-1185,8,1,9,Phase-9,853,REC-1185
CALL-1186,8,1,9,Phase-9,232,REC-1186
CALL-1187,82,1,9,Phase-9,465,REC-1187
CALL-1188,82,1,9,Phase-9,147,REC-1188
CALL-1189,82,1,9,Phase-9,587,REC-1189
CALL-1190,82,1,9,Phase-9,260,REC-1190
CALL-1191,82,1,9,Phase-9,693,REC-1191
CALL-1192,87,1,9,Phase-9,182,REC-1192
CALL-1193,87,1,9,Phase-9,302,REC-1193
CALL-1194,87,1,9,Phase-9,876,REC-1194
CALL-1195,87,1,9,Phase-9,175,REC-1195
CALL-1196,3,89,9,Phase-9,103,REC-1196
CALL-1197,1,83,9,Phase-9,91,REC-1197
CALL-1198,1,83,9,Phase-9,199,REC-1198
CALL-1199,1,83,9,Phase-9,841,REC-1199
CALL-1200,85,3,9,Phase-9,344,REC-1200
CALL-1201,85,3,9,Phase-9,639,REC-1201
CALL-1202,85,3,9,Phase-9,796,REC-1202
CALL-1203,85,3,9,Phase-9,874,REC-1203
CALL-1204,85,3,9,Phase-9,612,REC-1204
CALL-1205,8,3,9,Phase-9,325,REC-1205
CALL-1206,76,3,9,Phase-9,479,REC-1206
CALL-1207,12,3,9,Phase-9,157,REC-1207
CALL-1208,87,3,9,Phase-9,509,REC-1208
CALL-1209,87,3,9,Phase-9,735,REC-1209
CALL-1210,87,3,9,Phase-9,341,REC-1210
CALL-1211,87,3,9,Phase-9,746,REC-1211
CALL-1212,87,3,9,Phase-9,442,REC-1212
CALL-1213,1,85,9,Phase-9,308,REC-1213
CALL-1214,1,85,9,Phase-9,542,REC-1214
CALL-1215,1,85,9,Phase-9,582,REC-1215
CALL-1216,1,85,9,Phase-9,535,REC-1216
CALL-1217,1,85,9,Phase-9,478,REC-1217
CALL-1218,3,85,9,Phase-9,112,REC-1218
CALL-1219,3,85,9,Phase-9,642,REC-1219
CALL-1220,3,85,9,Phase-9,70,REC-1220
CALL-1221,3,85,9,Phase-9,472,REC-1221
CALL-1222,3,85,9,Phase-9,782,REC-1222
CALL-1223,88,85,9,Phase-9,360,REC-1223
CALL-1224,3,90,9,Phase-9,648,REC-1224
CALL-1225,3,2,9,Phase-9,286,REC-1225
CALL-1226,3,7,9,Phase-9,56,REC-1226
CALL-1227,1,6,9,Phase-9,123,REC-1227
CALL-1228,1,8,9,Phase-9,264,REC-1228
CALL-1229,3,8,9,Phase-9,720,REC-1229
CALL-1230,3,8,9,Phase-9,886,REC-1230
CALL-1231,3,8,9,Phase-9,619,REC-1231
CALL-1232,3,8,9,Phase-9,631,REC-1232
CALL-1233,3,8,9,Phase-9,51,REC-1233
CALL-1234,1,76,9,Phase-9,813,REC-1234
CALL-1235,1,76,9,Phase-9,718,REC-1235
CALL-1236,1,76,9,Phase-9,871,REC-1236
CALL-1237,1,76,9,Phase-9,305,REC-1237
CALL-1238,1,76,9,Phase-9,620,REC-1238
CALL-1239,3,76,9,Phase-9,71,REC-1239
CALL-1240,3,76,9,Phase-9,811,REC-1240
CALL-1241,3,76,9,Phase-9,804,REC-1241
CALL-1242,78,76,9,Phase-9,209,REC-1242
CALL-1243,1,11,9,Phase-9,511,REC-1243
CALL-1244,12,13,9,Phase-9,561,REC-1244
CALL-1245,12,13,9,Phase-9,697,REC-1245
CALL-1246,3,12,9,Phase-9,482,REC-1246
CALL-1247,18,12,9,Phase-9,314,REC-1247
CALL-1248,18,12,9,Phase-9,215,REC-1248
CALL-1249,18,12,9,Phase-9,629,REC-1249
CALL-1250,18,12,9,Phase-9,476,REC-1250
CALL-1251,18,12,9,Phase-9,680,REC-1251
CALL-1252,17,12,9,Phase-9,863,REC-1252
CALL-1253,17,12,9,Phase-9,533,REC-1253
CALL-1254,16,12,9,Phase-9,123,REC-1254
CALL-1255,16,12,9,Phase-9,511,REC-1255
CALL-1256,16,12,9,Phase-9,386,REC-1256
CALL-1257,16,12,9,Phase-9,448,REC-1257
CALL-1258,16,12,9,Phase-9,371,REC-1258
CALL-1259,29,12,9,Phase-9,358,REC-1259
CALL-1260,12,14,9,Phase-9,716,REC-1260
CALL-1261,12,14,9,Phase-9,137,REC-1261
CALL-1262,12,14,9,Phase-9,194,REC-1262
CALL-1263,12,14,9,Phase-9,367,REC-1263
CALL-1264,12,14,9,Phase-9,451,REC-1264
CALL-1265,12,17,9,Phase-9,740,REC-1265
CALL-1266,12,17,9,Phase-9,537,REC-1266
CALL-1267,12,17,9,Phase-9,325,REC-1267
CALL-1268,12,17,9,Phase-9,708,REC-1268
CALL-1269,1,82,9,Phase-9,440,REC-1269
CALL-1270,1,82,9,Phase-9,863,REC-1270
CALL-1271,1,82,9,Phase-9,808,REC-1271
CALL-1272,1,82,9,Phase-9,593,REC-1272
CALL-1273,1,82,9,Phase-9,67,REC-1273
CALL-1274,3,82,9,Phase-9,495,REC-1274
CALL-1275,3,82,9,Phase-9,120,REC-1275
CALL-1276,87,82,9,Phase-9,352,REC-1276
CALL-1277,87,82,9,Phase-9,288,REC-1277
CALL-1278,87,82,9,Phase-9,361,REC-1278
CALL-1279,87,82,9,Phase-9,148,REC-1279
CALL-1280,87,82,9,Phase-9,821,REC-1280
CALL-1281,46,82,9,Phase-9,443,REC-1281
CALL-1282,46,82,9,Phase-9,556,REC-1282
CALL-1283,46,82,9,Phase-9,874,REC-1283
CALL-1284,46,82,9,Phase-9,31,REC-1284
CALL-1285,46,82,9,Phase-9,703,REC-1285
CALL-1286,79,78,9,Phase-9,585,REC-1286
CALL-1287,1,87,9,Phase-9,503,REC-1287
CALL-1288,1,87,9,Phase-9,453,REC-1288
CALL-1289,1,87,9,Phase-9,85,REC-1289
CALL-1290,1,87,9,Phase-9,222,REC-1290
CALL-1291,1,87,9,Phase-9,560,REC-1291
CALL-1292,3,87,9,Phase-9,400,REC-1292
CALL-1293,3,87,9,Phase-9,667,REC-1293
CALL-1294,3,87,9,Phase-9,804,REC-1294
CALL-1295,3,87,9,Phase-9,540,REC-1295
CALL-1296,3,87,9,Phase-9,670,REC-1296
CALL-1297,76,87,9,Phase-9,482,REC-1297
CALL-1298,82,87,9,Phase-9,808,REC-1298
CALL-1299,81,87,9,Phase-9,82,REC-1299
CALL-1300,7,79,9,Phase-9,238,REC-1300
CALL-1301,12,16,9,Phase-9,303,REC-1301
CALL-1302,12,16,9,Phase-9,592,REC-1302
CALL-1303,12,16,9,Phase-9,164,REC-1303
CALL-1304,12,16,9,Phase-9,324,REC-1304
CALL-1305,12,16,9,Phase-9,478,REC-1305
CALL-1306,87,81,9,Phase-9,745,REC-1306
CALL-1307,87,81,9,Phase-9,526,REC-1307
CALL-1308,87,81,9,Phase-9,154,REC-1308
CALL-1309,87,81,9,Phase-9,59,REC-1309
CALL-1310,87,81,9,Phase-9,675,REC-1310
CALL-1311,76,59,9,Phase-9,653,REC-1311
CALL-1312,87,37,9,Phase-9,848,REC-1312
CALL-1313,87,37,9,Phase-9,275,REC-1313
CALL-1314,87,37,9,Phase-9,756,REC-1314
CALL-1315,87,37,9,Phase-9,192,REC-1315
CALL-1316,87,37,9,Phase-9,348,REC-1316
CALL-1317,82,36,9,Phase-9,594,REC-1317
CALL-1318,1,96,9,Phase-9,44,REC-1318
CALL-1319,82,96,9,Phase-9,595,REC-1319
CALL-1320,82,96,9,Phase-9,447,REC-1320
CALL-1321,82,96,9,Phase-9,125,REC-1321
CALL-1322,82,96,9,Phase-9,260,REC-1322
CALL-1323,46,96,9,Phase-9,891,REC-1323
CALL-1324,46,96,9,Phase-9,146,REC-1324
CALL-1325,46,96,9,Phase-9,502,REC-1325
CALL-1326,46,96,9,Phase-9,150,REC-1326
CALL-1327,82,46,9,Phase-9,693,REC-1327
CALL-1328,82,46,9,Phase-9,882,REC-1328
CALL-1329,82,46,9,Phase-9,187,REC-1329
CALL-1330,82,46,9,Phase-9,540,REC-1330
CALL-1331,82,46,9,Phase-9,763,REC-1331
CALL-1332,96,46,9,Phase-9,328,REC-1332
CALL-1333,96,46,9,Phase-9,551,REC-1333
CALL-1334,96,46,9,Phase-9,752,REC-1334
CALL-1335,96,46,9,Phase-9,309,REC-1335
CALL-1336,12,29,9,Phase-9,455,REC-1336
CALL-1337,12,29,9,Phase-9,884,REC-1337
CALL-1338,12,29,9,Phase-9,524,REC-1338
CALL-1339,12,29,9,Phase-9,513,REC-1339
CALL-1340,12,29,9,Phase-9,279,REC-1340
CALL-1341,12,30,9,Phase-9,497,REC-1341
CALL-1342,96,30,9,Phase-9,594,REC-1342
CALL-1343,87,105,9,Phase-9,178,REC-1343
CALL-1344,87,105,9,Phase-9,422,REC-1344
CALL-1345,79,101,9,Phase-9,225,REC-1345
CALL-1346,87,41,9,Phase-9,643,REC-1346
CALL-1347,87,41,9,Phase-9,550,REC-1347
CALL-1348,87,41,9,Phase-9,794,REC-1348
CALL-1349,83,1,10,Phase-10,169,REC-1349
CALL-1350,3,1,10,Phase-10,101,REC-1350
CALL-1351,3,1,10,Phase-10,312,REC-1351
CALL-1352,85,1,10,Phase-10,821,REC-1352
CALL-1353,85,1,10,Phase-10,838,REC-1353
CALL-1354,85,1,10,Phase-10,454,REC-1354
CALL-1355,85,1,10,Phase-10,378,REC-1355
CALL-1356,85,1,10,Phase-10,836,REC-1356
CALL-1357,8,1,10,Phase-10,549,REC-1357
CALL-1358,76,1,10,Phase-10,303,REC-1358
CALL-1359,76,1,10,Phase-10,870,REC-1359
CALL-1360,76,1,10,Phase-10,32,REC-1360
CALL-1361,76,1,10,Phase-10,319,REC-1361
CALL-1362,76,1,10,Phase-10,773,REC-1362
CALL-1363,82,1,10,Phase-10,335,REC-1363
CALL-1364,82,1,10,Phase-10,887,REC-1364
CALL-1365,82,1,10,Phase-10,631,REC-1365
CALL-1366,87,1,10,Phase-10,623,REC-1366
CALL-1367,87,1,10,Phase-10,705,REC-1367
CALL-1368,87,1,10,Phase-10,531,REC-1368
CALL-1369,87,1,10,Phase-10,182,REC-1369
CALL-1370,87,1,10,Phase-10,487,REC-1370
CALL-1371,37,1,10,Phase-10,581,REC-1371
CALL-1372,1,4,10,Phase-10,525,REC-1372
CALL-1373,1,83,10,Phase-10,383,REC-1373
CALL-1374,1,83,10,Phase-10,370,REC-1374
CALL-1375,1,83,10,Phase-10,595,REC-1375
CALL-1376,1,83,10,Phase-10,811,REC-1376
CALL-1377,1,3,10,Phase-10,586,REC-1377
CALL-1378,1,3,10,Phase-10,416,REC-1378
CALL-1379,1,3,10,Phase-10,496,REC-1379
CALL-1380,1,85,10,Phase-10,359,REC-1380
CALL-1381,1,85,10,Phase-10,223,REC-1381
CALL-1382,1,85,10,Phase-10,744,REC-1382
CALL-1383,1,85,10,Phase-10,274,REC-1383
CALL-1384,1,85,10,Phase-10,615,REC-1384
CALL-1385,84,85,10,Phase-10,422,REC-1385
CALL-1386,84,85,10,Phase-10,269,REC-1386
CALL-1387,84,85,10,Phase-10,824,REC-1387
CALL-1388,84,85,10,Phase-10,450,REC-1388
CALL-1389,84,85,10,Phase-10,74,REC-1389
CALL-1390,83,86,10,Phase-10,355,REC-1390
CALL-1391,83,86,10,Phase-10,792,REC-1391
CALL-1392,83,86,10,Phase-10,514,REC-1392
CALL-1393,83,86,10,Phase-10,752,REC-1393
CALL-1394,1,8,10,Phase-10,860,REC-1394
CALL-1395,1,8,10,Phase-10,420,REC-1395
CALL-1396,1,8,10,Phase-10,425,REC-1396
CALL-1397,1,8,10,Phase-10,709,REC-1397
CALL-1398,1,8,10,Phase-10,841,REC-1398
CALL-1399,1,76,10,Phase-10,870,REC-1399
CALL-1400,1,76,10,Phase-10,697,REC-1400
CALL-1401,1,76,10,Phase-10,185,REC-1401
CALL-1402,85,76,10,Phase-10,537,REC-1402
CALL-1403,71,76,10,Phase-10,67,REC-1403
CALL-1404,71,76,10,Phase-10,159,REC-1404
CALL-1405,71,76,10,Phase-10,544,REC-1405
CALL-1406,8,9,10,Phase-10,634,REC-1406
CALL-1407,8,9,10,Phase-10,369,REC-1407
CALL-1408,8,9,10,Phase-10,132,REC-1408
CALL-1409,1,84,10,Phase-10,895,REC-1409
CALL-1410,14,12,10,Phase-10,480,REC-1410
CALL-1411,14,12,10,Phase-10,132,REC-1411
CALL-1412,14,12,10,Phase-10,568,REC-1412
CALL-1413,14,12,10,Phase-10,497,REC-1413
CALL-1414,14,12,10,Phase-10,45,REC-1414
CALL-1415,16,12,10,Phase-10,769,REC-1415
CALL-1416,16,12,10,Phase-10,177,REC-1416
CALL-1417,16,12,10,Phase-10,449,REC-1417
CALL-1418,16,12,10,Phase-10,700,REC-1418
CALL-1419,16,12,10,Phase-10,188,REC-1419
CALL-1420,65,12,10,Phase-10,106,REC-1420
CALL-1421,12,14,10,Phase-10,510,REC-1421
CALL-1422,12,14,10,Phase-10,830,REC-1422
CALL-1423,12,14,10,Phase-10,301,REC-1423
CALL-1424,12,14,10,Phase-10,376,REC-1424
CALL-1425,12,14,10,Phase-10,668,REC-1425
CALL-1426,24,14,10,Phase-10,739,REC-1426
CALL-1427,58,14,10,Phase-10,437,REC-1427
CALL-1428,58,14,10,Phase-10,695,REC-1428
CALL-1429,58,14,10,Phase-10,112,REC-1429
CALL-1430,58,14,10,Phase-10,366,REC-1430
CALL-1431,58,14,10,Phase-10,720,REC-1431
CALL-1432,12,18,10,Phase-10,576,REC-1432
CALL-1433,12,18,10,Phase-10,419,REC-1433
CALL-1434,12,17,10,Phase-10,354,REC-1434
CALL-1435,1,82,10,Phase-10,671,REC-1435
CALL-1436,1,82,10,Phase-10,765,REC-1436
CALL-1437,1,82,10,Phase-10,807,REC-1437
CALL-1438,1,82,10,Phase-10,529,REC-1438
CALL-1439,1,82,10,Phase-10,584,REC-1439
CALL-1440,87,82,10,Phase-10,66,REC-1440
CALL-1441,87,82,10,Phase-10,662,REC-1441
CALL-1442,87,82,10,Phase-10,100,REC-1442
CALL-1443,87,82,10,Phase-10,270,REC-1443
CALL-1444,87,82,10,Phase-10,676,REC-1444
CALL-1445,37,82,10,Phase-10,730,REC-1445
CALL-1446,37,82,10,Phase-10,324,REC-1446
CALL-1447,37,82,10,Phase-10,262,REC-1447
CALL-1448,37,82,10,Phase-10,794,REC-1448
CALL-1449,37,82,10,Phase-10,122,REC-1449
CALL-1450,96,82,10,Phase-10,474,REC-1450
CALL-1451,46,82,10,Phase-10,130,REC-1451
CALL-1452,1,87,10,Phase-10,808,REC-1452
CALL-1453,1,87,10,Phase-10,678,REC-1453
CALL-1454,1,87,10,Phase-10,750,REC-1454
CALL-1455,1,87,10,Phase-10,132,REC-1455
CALL-1456,1,87,10,Phase-10,484,REC-1456
CALL-1457,81,87,10,Phase-10,200,REC-1457
CALL-1458,37,87,10,Phase-10,740,REC-1458
CALL-1459,37,87,10,Phase-10,336,REC-1459
CALL-1460,37,87,10,Phase-10,59,REC-1460
CALL-1461,37,87,10,Phase-10,77,REC-1461
CALL-1462,37,87,10,Phase-10,362,REC-1462
CALL-1463,12,22,10,Phase-10,845,REC-1463
CALL-1464,12,16,10,Phase-10,87,REC-1464
CALL-1465,12,16,10,Phase-10,330,REC-1465
CALL-1466,12,16,10,Phase-10,397,REC-1466
CALL-1467,12,16,10,Phase-10,413,REC-1467
CALL-1468,12,16,10,Phase-10,471,REC-1468
CALL-1469,1,81,10,Phase-10,179,REC-1469
CALL-1470,1,81,10,Phase-10,280,REC-1470
CALL-1471,1,81,10,Phase-10,573,REC-1471
CALL-1472,1,81,10,Phase-10,451,REC-1472
CALL-1473,87,81,10,Phase-10,609,REC-1473
CALL-1474,87,81,10,Phase-10,728,REC-1474
CALL-1475,87,81,10,Phase-10,841,REC-1475
CALL-1476,87,81,10,Phase-10,214,REC-1476
CALL-1477,87,81,10,Phase-10,204,REC-1477
CALL-1478,87,38,10,Phase-10,209,REC-1478
CALL-1479,87,73,10,Phase-10,110,REC-1479
CALL-1480,1,37,10,Phase-10,654,REC-1480
CALL-1481,1,37,10,Phase-10,421,REC-1481
CALL-1482,87,37,10,Phase-10,664,REC-1482
CALL-1483,87,37,10,Phase-10,729,REC-1483
CALL-1484,87,37,10,Phase-10,276,REC-1484
CALL-1485,87,37,10,Phase-10,539,REC-1485
CALL-1486,87,37,10,Phase-10,627,REC-1486
CALL-1487,41,37,10,Phase-10,176,REC-1487
CALL-1488,41,37,10,Phase-10,267,REC-1488
CALL-1489,41,37,10,Phase-10,502,REC-1489
CALL-1490,41,37,10,Phase-10,683,REC-1490
CALL-1491,41,37,10,Phase-10,290,REC-1491
CALL-1492,44,37,10,Phase-10,500,REC-1492
CALL-1493,44,37,10,Phase-10,291,REC-1493
CALL-1494,45,37,10,Phase-10,712,REC-1494
CALL-1495,45,37,10,Phase-10,39,REC-1495
CALL-1496,45,37,10,Phase-10,853,REC-1496
CALL-1497,45,37,10,Phase-10,506,REC-1497
CALL-1498,45,37,10,Phase-10,324,REC-1498
CALL-1499,12,24,10,Phase-10,723,REC-1499
CALL-1500,14,24,10,Phase-10,589,REC-1500
CALL-1501,58,24,10,Phase-10,191,REC-1501
CALL-1502,58,24,10,Phase-10,105,REC-1502
CALL-1503,58,24,10,Phase-10,482,REC-1503
CALL-1504,14,58,10,Phase-10,383,REC-1504
CALL-1505,14,58,10,Phase-10,631,REC-1505
CALL-1506,14,58,10,Phase-10,336,REC-1506
CALL-1507,14,58,10,Phase-10,684,REC-1507
CALL-1508,14,58,10,Phase-10,464,REC-1508
CALL-1509,82,96,10,Phase-10,736,REC-1509
CALL-1510,82,96,10,Phase-10,286,REC-1510
CALL-1511,82,96,10,Phase-10,497,REC-1511
CALL-1512,82,96,10,Phase-10,895,REC-1512
CALL-1513,82,96,10,Phase-10,339,REC-1513
CALL-1514,46,96,10,Phase-10,233,REC-1514
CALL-1515,82,46,10,Phase-10,423,REC-1515
CALL-1516,82,46,10,Phase-10,524,REC-1516
CALL-1517,82,46,10,Phase-10,139,REC-1517
CALL-1518,1,105,10,Phase-10,272,REC-1518
CALL-1519,87,105,10,Phase-10,420,REC-1519
CALL-1520,87,105,10,Phase-10,615,REC-1520
CALL-1521,87,105,10,Phase-10,397,REC-1521
CALL-1522,87,41,10,Phase-10,618,REC-1522
CALL-1523,87,41,10,Phase-10,332,REC-1523
CALL-1524,87,41,10,Phase-10,746,REC-1524
CALL-1525,37,41,10,Phase-10,332,REC-1525
CALL-1526,37,41,10,Phase-10,52,REC-1526
CALL-1527,37,41,10,Phase-10,879,REC-1527
CALL-1528,37,41,10,Phase-10,704,REC-1528
CALL-1529,37,41,10,Phase-10,435,REC-1529
CALL-1530,87,21,10,Phase-10,311,REC-1530
CALL-1531,87,21,10,Phase-10,38,REC-1531
CALL-1532,87,21,10,Phase-10,609,REC-1532
CALL-1533,87,21,10,Phase-10,732,REC-1533
CALL-1534,87,21,10,Phase-10,826,REC-1534
CALL-1535,104,103,10,Phase-10,792,REC-1535
CALL-1536,87,27,10,Phase-10,80,REC-1536
CALL-1537,37,95,10,Phase-10,650,REC-1537
CALL-1538,37,95,10,Phase-10,793,REC-1538
CALL-1539,37,95,10,Phase-10,538,REC-1539
CALL-1540,37,95,10,Phase-10,882,REC-1540
CALL-1541,37,95,10,Phase-10,323,REC-1541
CALL-1542,37,93,10,Phase-10,824,REC-1542
CALL-1543,37,93,10,Phase-10,848,REC-1543
CALL-1544,37,93,10,Phase-10,265,REC-1544
CALL-1545,37,93,10,Phase-10,651,REC-1545
CALL-1546,37,93,10,Phase-10,851,REC-1546
CALL-1547,37,42,10,Phase-10,390,REC-1547
CALL-1548,37,42,10,Phase-10,254,REC-1548
CALL-1549,37,42,10,Phase-10,681,REC-1549
CALL-1550,37,42,10,Phase-10,224,REC-1550
CALL-1551,19,71,10,Phase-10,665,REC-1551
CALL-1552,87,40,10,Phase-10,286,REC-1552
CALL-1553,37,44,10,Phase-10,724,REC-1553
CALL-1554,37,44,10,Phase-10,803,REC-1554
CALL-1555,37,44,10,Phase-10,768,REC-1555
CALL-1556,37,44,10,Phase-10,815,REC-1556
CALL-1557,37,44,10,Phase-10,705,REC-1557
CALL-1558,1,70,10,Phase-10,727,REC-1558
CALL-1559,1,70,10,Phase-10,888,REC-1559
CALL-1560,1,70,10,Phase-10,170,REC-1560
CALL-1561,1,70,10,Phase-10,673,REC-1561
CALL-1562,1,70,10,Phase-10,129,REC-1562
CALL-1563,85,1,11,Phase-11,672,REC-1563
CALL-1564,85,1,11,Phase-11,691,REC-1564
CALL-1565,85,1,11,Phase-11,70,REC-1565
CALL-1566,76,1,11,Phase-11,346,REC-1566
CALL-1567,76,1,11,Phase-11,837,REC-1567
CALL-1568,76,1,11,Phase-11,481,REC-1568
CALL-1569,76,1,11,Phase-11,64,REC-1569
CALL-1570,76,1,11,Phase-11,623,REC-1570
CALL-1571,11,1,11,Phase-11,403,REC-1571
CALL-1572,84,1,11,Phase-11,779,REC-1572
CALL-1573,82,1,11,Phase-11,164,REC-1573
CALL-1574,87,1,11,Phase-11,122,REC-1574
CALL-1575,87,1,11,Phase-11,332,REC-1575
CALL-1576,76,88,11,Phase-11,364,REC-1576
CALL-1577,1,85,11,Phase-11,795,REC-1577
CALL-1578,1,85,11,Phase-11,455,REC-1578
CALL-1579,1,85,11,Phase-11,209,REC-1579
CALL-1580,1,85,11,Phase-11,235,REC-1580
CALL-1581,1,85,11,Phase-11,165,REC-1581
CALL-1582,76,85,11,Phase-11,835,REC-1582
CALL-1583,76,85,11,Phase-11,582,REC-1583
CALL-1584,76,85,11,Phase-11,404,REC-1584
CALL-1585,76,85,11,Phase-11,573,REC-1585
CALL-1586,76,85,11,Phase-11,543,REC-1586
CALL-1587,84,85,11,Phase-11,309,REC-1587
CALL-1588,83,86,11,Phase-11,880,REC-1588
CALL-1589,83,86,11,Phase-11,198,REC-1589
CALL-1590,83,86,11,Phase-11,293,REC-1590
CALL-1591,1,76,11,Phase-11,874,REC-1591
CALL-1592,1,76,11,Phase-11,523,REC-1592
CALL-1593,1,76,11,Phase-11,855,REC-1593
CALL-1594,1,76,11,Phase-11,332,REC-1594
CALL-1595,1,76,11,Phase-11,794,REC-1595
CALL-1596,85,76,11,Phase-11,376,REC-1596
CALL-1597,85,76,11,Phase-11,853,REC-1597
CALL-1598,85,76,11,Phase-11,147,REC-1598
CALL-1599,85,76,11,Phase-11,509,REC-1599
CALL-1600,87,76,11,Phase-11,107,REC-1600
CALL-1601,87,76,11,Phase-11,174,REC-1601
CALL-1602,1,11,11,Phase-11,802,REC-1602
CALL-1603,12,13,11,Phase-11,261,REC-1603
CALL-1604,41,13,11,Phase-11,722,REC-1604
CALL-1605,41,13,11,Phase-11,771,REC-1605
CALL-1606,41,13,11,Phase-11,720,REC-1606
CALL-1607,41,13,11,Phase-11,436,REC-1607
CALL-1608,41,13,11,Phase-11,896,REC-1608
CALL-1609,3,12,11,Phase-11,853,REC-1609
CALL-1610,3,12,11,Phase-11,600,REC-1610
CALL-1611,3,12,11,Phase-11,404,REC-1611
CALL-1612,14,12,11,Phase-11,122,REC-1612
CALL-1613,14,12,11,Phase-11,839,REC-1613
CALL-1614,14,12,11,Phase-11,434,REC-1614
CALL-1615,14,12,11,Phase-11,44,REC-1615
CALL-1616,14,12,11,Phase-11,300,REC-1616
CALL-1617,18,12,11,Phase-11,579,REC-1617
CALL-1618,18,12,11,Phase-11,156,REC-1618
CALL-1619,17,12,11,Phase-11,495,REC-1619
CALL-1620,17,12,11,Phase-11,407,REC-1620
CALL-1621,17,12,11,Phase-11,718,REC-1621
CALL-1622,17,12,11,Phase-11,796,REC-1622
CALL-1623,17,12,11,Phase-11,718,REC-1623
CALL-1624,16,12,11,Phase-11,298,REC-1624
CALL-1625,16,12,11,Phase-11,628,REC-1625
CALL-1626,16,12,11,Phase-11,420,REC-1626
CALL-1627,16,12,11,Phase-11,872,REC-1627
CALL-1628,16,12,11,Phase-11,683,REC-1628
CALL-1629,41,12,11,Phase-11,410,REC-1629
CALL-1630,41,12,11,Phase-11,140,REC-1630
CALL-1631,27,12,11,Phase-11,721,REC-1631
CALL-1632,27,12,11,Phase-11,269,REC-1632
CALL-1633,42,12,11,Phase-11,512,REC-1633
CALL-1634,42,12,11,Phase-11,55,REC-1634
CALL-1635,65,12,11,Phase-11,664,REC-1635
CALL-1636,65,12,11,Phase-11,604,REC-1636
CALL-1637,65,12,11,Phase-11,365,REC-1637
CALL-1638,65,12,11,Phase-11,654,REC-1638
CALL-1639,65,12,11,Phase-11,256,REC-1639
CALL-1640,12,14,11,Phase-11,693,REC-1640
CALL-1641,12,14,11,Phase-11,94,REC-1641
CALL-1642,12,14,11,Phase-11,680,REC-1642
CALL-1643,12,14,11,Phase-11,873,REC-1643
CALL-1644,12,14,11,Phase-11,505,REC-1644
CALL-1645,58,14,11,Phase-11,747,REC-1645
CALL-1646,58,14,11,Phase-11,339,REC-1646
CALL-1647,58,14,11,Phase-11,694,REC-1647
CALL-1648,58,14,11,Phase-11,448,REC-1648
CALL-1649,58,14,11,Phase-11,149,REC-1649
CALL-1650,12,18,11,Phase-11,173,REC-1650
CALL-1651,12,18,11,Phase-11,76,REC-1651
CALL-1652,12,18,11,Phase-11,68,REC-1652
CALL-1653,12,17,11,Phase-11,341,REC-1653
CALL-1654,12,17,11,Phase-11,534,REC-1654
CALL-1655,27,17,11,Phase-11,148,REC-1655
CALL-1656,1,82,11,Phase-11,129,REC-1656
CALL-1657,1,82,11,Phase-11,270,REC-1657
CALL-1658,1,82,11,Phase-11,580,REC-1658
CALL-1659,1,82,11,Phase-11,168,REC-1659
CALL-1660,1,82,11,Phase-11,427,REC-1660
CALL-1661,87,82,11,Phase-11,494,REC-1661
CALL-1662,96,82,11,Phase-11,409,REC-1662
CALL-1663,96,82,11,Phase-11,716,REC-1663
CALL-1664,96,82,11,Phase-11,790,REC-1664
CALL-1665,96,82,11,Phase-11,743,REC-1665
CALL-1666,96,82,11,Phase-11,583,REC-1666
CALL-1667,79,78,11,Phase-11,459,REC-1667
CALL-1668,79,78,11,Phase-11,631,REC-1668
CALL-1669,1,87,11,Phase-11,790,REC-1669
CALL-1670,1,87,11,Phase-11,774,REC-1670
CALL-1671,1,87,11,Phase-11,188,REC-1671
CALL-1672,76,87,11,Phase-11,454,REC-1672
CALL-1673,76,87,11,Phase-11,700,REC-1673
CALL-1674,82,87,11,Phase-11,131,REC-1674
CALL-1675,82,87,11,Phase-11,883,REC-1675
CALL-1676,82,87,11,Phase-11,531,REC-1676
CALL-1677,76,79,11,Phase-11,660,REC-1677
CALL-1678,76,79,11,Phase-11,447,REC-1678
CALL-1679,76,79,11,Phase-11,316,REC-1679
CALL-1680,76,79,11,Phase-11,63,REC-1680
CALL-1681,78,79,11,Phase-11,736,REC-1681
CALL-1682,59,79,11,Phase-11,409,REC-1682
CALL-1683,59,79,11,Phase-11,252,REC-1683
CALL-1684,59,79,11,Phase-11,484,REC-1684
CALL-1685,59,79,11,Phase-11,485,REC-1685
CALL-1686,59,79,11,Phase-11,271,REC-1686
CALL-1687,101,79,11,Phase-11,401,REC-1687
CALL-1688,101,79,11,Phase-11,131,REC-1688
CALL-1689,101,79,11,Phase-11,732,REC-1689
CALL-1690,101,79,11,Phase-11,406,REC-1690
CALL-1691,101,79,11,Phase-11,587,REC-1691
CALL-1692,102,79,11,Phase-11,690,REC-1692
CALL-1693,102,79,11,Phase-11,397,REC-1693
CALL-1694,76,61,11,Phase-11,92,REC-1694
CALL-1695,76,61,11,Phase-11,437,REC-1695
CALL-1696,76,61,11,Phase-11,312,REC-1696
CALL-1697,12,16,11,Phase-11,224,REC-1697
CALL-1698,12,16,11,Phase-11,155,REC-1698
CALL-1699,12,16,11,Phase-11,898,REC-1699
CALL-1700,12,16,11,Phase-11,873,REC-1700
CALL-1701,12,16,11,Phase-11,495,REC-1701
CALL-1702,87,81,11,Phase-11,123,REC-1702
CALL-1703,87,81,11,Phase-11,708,REC-1703
CALL-1704,79,59,11,Phase-11,247,REC-1704
CALL-1705,79,59,11,Phase-11,687,REC-1705
CALL-1706,102,59,11,Phase-11,684,REC-1706
CALL-1707,41,37,11,Phase-11,641,REC-1707
CALL-1708,41,37,11,Phase-11,51,REC-1708
CALL-1709,41,37,11,Phase-11,81,REC-1709
CALL-1710,41,37,11,Phase-11,835,REC-1710
CALL-1711,41,37,11,Phase-11,371,REC-1711
CALL-1712,93,37,11,Phase-11,279,REC-1712
CALL-1713,82,36,11,Phase-11,158,REC-1713
CALL-1714,82,36,11,Phase-11,835,REC-1714
CALL-1715,82,36,11,Phase-11,608,REC-1715
CALL-1716,82,36,11,Phase-11,240,REC-1716
CALL-1717,58,24,11,Phase-11,100,REC-1717
CALL-1718,58,24,11,Phase-11,879,REC-1718
CALL-1719,58,24,11,Phase-11,813,REC-1719
CALL-1720,14,58,11,Phase-11,597,REC-1720
CALL-1721,14,58,11,Phase-11,242,REC-1721
CALL-1722,14,58,11,Phase-11,630,REC-1722
CALL-1723,14,58,11,Phase-11,251,REC-1723
CALL-1724,82,96,11,Phase-11,862,REC-1724
CALL-1725,82,96,11,Phase-11,268,REC-1725
CALL-1726,82,96,11,Phase-11,366,REC-1726
CALL-1727,82,96,11,Phase-11,822,REC-1727
CALL-1728,82,96,11,Phase-11,181,REC-1728
CALL-1729,96,46,11,Phase-11,837,REC-1729
CALL-1730,96,46,11,Phase-11,640,REC-1730
CALL-1731,1,41,11,Phase-11,32,REC-1731
CALL-1732,1,41,11,Phase-11,313,REC-1732
CALL-1733,37,41,11,Phase-11,178,REC-1733
CALL-1734,37,41,11,Phase-11,163,REC-1734
CALL-1735,37,41,11,Phase-11,583,REC-1735
CALL-1736,37,41,11,Phase-11,286,REC-1736
CALL-1737,37,41,11,Phase-11,847,REC-1737
CALL-1738,93,41,11,Phase-11,208,REC-1738
CALL-1739,43,41,11,Phase-11,142,REC-1739
CALL-1740,12,27,11,Phase-11,706,REC-1740
CALL-1741,12,27,11,Phase-11,56,REC-1741
CALL-1742,37,27,11,Phase-11,164,REC-1742
CALL-1743,37,27,11,Phase-11,45,REC-1743
CALL-1744,37,27,11,Phase-11,396,REC-1744
CALL-1745,37,27,11,Phase-11,838,REC-1745
CALL-1746,41,27,11,Phase-11,837,REC-1746
CALL-1747,41,27,11,Phase-11,273,REC-1747
CALL-1748,41,27,11,Phase-11,632,REC-1748
CALL-1749,41,27,11,Phase-11,361,REC-1749
CALL-1750,37,93,11,Phase-11,46,REC-1750
CALL-1751,37,93,11,Phase-11,208,REC-1751
CALL-1752,37,93,11,Phase-11,301,REC-1752
CALL-1753,37,93,11,Phase-11,83,REC-1753
CALL-1754,37,93,11,Phase-11,159,REC-1754
CALL-1755,41,93,11,Phase-11,789,REC-1755
CALL-1756,41,93,11,Phase-11,461,REC-1756
CALL-1757,41,93,11,Phase-11,568,REC-1757
CALL-1758,79,102,11,Phase-11,146,REC-1758
CALL-1759,101,102,11,Phase-11,793,REC-1759
CALL-1760,101,102,11,Phase-11,95,REC-1760
CALL-1761,101,102,11,Phase-11,517,REC-1761
CALL-1762,76,72,11,Phase-11,489,REC-1762
CALL-1763,76,72,11,Phase-11,826,REC-1763
CALL-1764,12,26,11,Phase-11,400,REC-1764
CALL-1765,12,26,11,Phase-11,555,REC-1765
CALL-1766,41,94,11,Phase-11,637,REC-1766
CALL-1767,41,94,11,Phase-11,141,REC-1767
CALL-1768,41,94,11,Phase-11,492,REC-1768
CALL-1769,41,94,11,Phase-11,545,REC-1769
CALL-1770,41,94,11,Phase-11,256,REC-1770
CALL-1771,41,92,11,Phase-11,659,REC-1771
CALL-1772,41,92,11,Phase-11,74,REC-1772
CALL-1773,41,92,11,Phase-11,774,REC-1773
CALL-1774,41,92,11,Phase-11,832,REC-1774
CALL-1775,41,92,11,Phase-11,704,REC-1775
CALL-1776,12,66,11,Phase-11,563,REC-1776
CALL-1777,12,66,11,Phase-11,338,REC-1777
CALL-1778,12,66,11,Phase-11,499,REC-1778
CALL-1779,12,66,11,Phase-11,688,REC-1779
CALL-1780,12,65,11,Phase-11,61,REC-1780
