actor_id,person_name,phone_number,case_id
1,Aarav Sharma1,9786579303,CASE-1001
2,Arjun Mehta2,9219540831,CASE-1002
3,Rohan Verma3,9126855092,CASE-1003
4,Vikram Singh4,9896233790,CASE-1004
5,Rahul Patel5,9395310485,CASE-1005
6,Aditya Rao6,9362950628,CASE-1006
7,Karan Gupta7,9339670711,CASE-1007
8,Manish Kumar8,9249827706,CASE-1008
9,Sahil Khan9,9890779946,CASE-1009
10,Nikhil Joshi10,9210053353,CASE-1010
11,Amit Shah11,9826600539,CASE-1011
12,Raj Malhotra12,9895285932,CASE-1012
13,Aarav Sharma13,9685582861,CASE-1013
14,Arjun Mehta14,9193349856,CASE-1014
15,Rohan Verma15,9734036506,CASE-1015
16,Vikram Singh16,9553035110,CASE-1016
17,Rahul Patel17,9134126396,CASE-1017
18,Aditya Rao18,9131994523,CASE-1018
19,Karan Gupta19,9200604502,CASE-1019
20,Manish Kumar20,9334760738,CASE-1020
21,Sahil Khan21,9349817734,CASE-1021
22,Nikhil Joshi22,9642621108,CASE-1022
23,Amit Shah23,9746412689,CASE-1023
24,Raj Malhotra24,9128492780,CASE-1024
25,Aarav Sharma25,9702632297,CASE-1025
26,Arjun Mehta26,9313500298,CASE-1026
27,Rohan Verma27,9868820204,CASE-1027
28,Vikram Singh28,9797808098,CASE-1028
29,Rahul Patel29,9853041955,CASE-1029
30,Aditya Rao30,9685126461,CASE-1030
31,Karan Gupta31,9550455977,CASE-1031
32,Manish Kumar32,9336696312,CASE-1032
33,Sahil Khan33,9582334538,CASE-1033
34,Nikhil Joshi34,9732719211,CASE-1034
35,Amit Shah35,9398704996,CASE-1035
36,Raj Malhotra36,9969119330,CASE-1036
37,Aarav Sharma37,9106977991,CASE-1037
38,Arjun Mehta38,9914763202,CASE-1038
39,Rohan Verma39,9965241839,CASE-1039
40,Vikram Singh40,9271432881,CASE-1040
41,Rahul Patel41,9849621470,CASE-1041
42,Aditya Rao42,9553778756,CASE-1042
43,Karan Gupta43,9465341213,CASE-1043
44,Manish Kumar44,9398362082,CASE-1044
45,Sahil Khan45,9266944844,CASE-1045
46,Nikhil Joshi46,9331191390,CASE-1046
47,Amit Shah47,9919795579,CASE-1047
48,Raj Malhotra48,9461415646,CASE-1048
49,Aarav Sharma49,9209747451,CASE-1049
50,Arjun Mehta50,9199585092,CASE-1050
51,Rohan Verma51,9507943839,CASE-1051
52,Vikram Singh52,9203848421,CASE-1052
53,Rahul Patel53,9485451171,CASE-1053
54,Aditya Rao54,9469319644,CASE-1054
55,Karan Gupta55,9748245888,CASE-1055
56,Manish Kumar56,9384027113,CASE-1056
58,Sahil Khan57,9966647391,CASE-1058
59,Nikhil Joshi58,9146654552,CASE-1059
61,Amit Shah59,9883543540,CASE-1061
62,Raj Malhotra60,9593303705,CASE-1062
63,Aarav Sharma61,9675770529,CASE-1063
64,Arjun Mehta62,9234031070,CASE-1064
65,Rohan Verma63,9506448196,CASE-1065
66,Vikram Singh64,9184611066,CASE-1066
67,Rahul Patel65,9692749116,CASE-1067
68,Aditya Rao66,9414797776,CASE-1068
69,Karan Gupta67,9990566476,CASE-1069
70,Manish Kumar68,9774996843,CASE-1070
71,Sahil Khan69,9764130526,CASE-1071
72,Nikhil Joshi70,9488302652,CASE-1072
73,Amit Shah71,9719927151,CASE-1073
74,Raj Malhotra72,9306468299,CASE-1074
75,Aarav Sharma73,9856528252,CASE-1075
76,Arjun Mehta74,9174684276,CASE-1076
77,Rohan Verma75,9149203558,CASE-1077
78,Vikram Singh76,9810026086,CASE-1078
79,Rahul Patel77,9344703907,CASE-1079
80,Aditya Rao78,9930075810,CASE-1080
81,Karan Gupta79,9410727955,CASE-1081
82,Manish Kumar80,9185675980,CASE-1082
83,Sahil Khan81,9349957310,CASE-1083
84,Nikhil Joshi82,9208449460,CASE-1084
85,Amit Shah83,9508157429,CASE-1085
86,Raj Malhotra84,9398471886,CASE-1086
87,Aarav Sharma85,9586845604,CASE-1087
88,Arjun Mehta86,9782560971,CASE-1088
89,Rohan Verma87,9995619255,CASE-1089
90,Vikram Singh88,9491735568,CASE-1090
91,Rahul Patel89,9274648506,CASE-1091
92,Aditya Rao90,9497478786,CASE-1092
93,Karan Gupta91,9481469012,CASE-1093
94,Manish Kumar92,9324956459,CASE-1094
95,Sahil Khan93,9819595113,CASE-1095
96,Nikhil Joshi94,9386665249,CASE-1096
97,Amit Shah95,9853573823,CASE-1097
98,Raj Malhotra96,9833953718,CASE-1098
99,Aarav Sharma97,9795822698,CASE-1099
100,Arjun Mehta98,9176667861,CASE-1100
101,Rohan Verma99,9754049436,CASE-1101
102,Vikram Singh100,9781802744,CASE-1102
103,Rahul Patel101,9283758720,CASE-1103
104,Aditya Rao102,9673528321,CASE-1104
105,Karan Gupta103,9882893941,CASE-1105
106,Manish Kumar104,9362863730,CASE-1106
107,Sahil Khan105,9275452091,CASE-1107
108,Nikhil Joshi106,9596348124,CASE-1108
109,Amit Shah107,9507437181,CASE-1109
